,DXT_200,FDM_200,SDM_200,DXT_400,FDM_400,SDM_400,DXT_600,FDM_600,SDM_600,SED_AVE,SED_STD,SED_GRD,V_UP,V_TN,AGE,FRE_DG_AVE,FRE_DG_STD,EGR_DG_AVE,EGR_DG_STD,SRO_DG_AVE,SRO_DG_STD,IRO_DG_AVE,IRO_DG_STD,LRO_DG_AVE,LRO_DG_STD,CRD_UP_AVE,CRD_UP_STD,CRS_UP_AVE,CRS_UP_STD,CRM_UP_AVE,CRM_UP_STD,FRE_UP_AVE,FRE_UP_STD,EGO_UP_AVE,EGO_UP_STD,EGO_L_UP_AVE,EGO_L_UP_STD,EGO_SL_UP_AVE,EGO_SL_UP_STD,EGO_UM_UP_AVE,EGO_UM_UP_STD,EGR_UP_AVE,EGR_UP_STD,EGR_BG_UP_AVE,EGR_BG_UP_STD,INV_UP_AVE,INV_UP_STD,DLT_UP_AVE,DLT_UP_STD,MR_GCMT
0,576.2145,0.1922274184874081,0.0010580072599595,581.2392,0.1219409457338562,0.0002857759586382,586.3114,0.0910353892789918,8.828355534361248e-05,309.66665903716665,48.95803182049718,0.0005697485442741,38.6,27.4,19.0,23.8678094344,27.2346239551,25.2663603991,25.9808434652,171.7888785047,52.3586105234,858.6260747664,420.8168266259,330.252,195.0792943073,2.2109e-06,1.6875e-06,-2.47e-07,1.512e-07,1.2544e-06,1.0043e-06,17.9826739701,124.7729311938,18.4588068378,7.2217285425,-2.6626332248,5.9213566675,-1.3240962607,6.7752483952,12.5980698678,7.1834587347,13.2487180566,113.5941335835,-14.6602938572,74.7042655666,162.060143912,89.7615112061,-146.9074155252,94.3293542678,7.2
1,596.4651,0.2028467075296707,0.000471504723328,593.7444,0.1261407871557036,6.990403903708032e-05,595.5037,0.092064794611554,2.943072269085905e-05,366.6415134645849,34.917744970714914,0.0005697485442741,38.6,27.4,19.0,18.9021375899,24.7165616377,19.1486720095,24.2305465019,167.1842307692,60.2391109805,623.1256730769,326.7087746131,253.0157692308,189.7168098706,2.1183e-06,1.6269e-06,6.92e-08,1.453e-07,1.2237e-06,9.21e-07,-0.6419747866,96.8690741419,18.6428942124,7.0794529779,-2.7256800955,5.6681297941,-1.7451460784,6.558722489,12.1433883866,7.1661791211,-2.7379435571,90.7734224414,-26.7398347283,67.5466403529,194.0215289706,95.9684916293,-151.2188243072,101.8663318697,8.35
2,615.7977,0.1779848375232505,0.0016626602335127,606.3113,0.1237820051755525,0.0002364487616347,604.6554,0.0904565772069413,0.0001228387709602,398.68627989531376,8.047628148124081,0.0003204476643072,38.6,27.4,19.0,15.0853432569,28.5595712808,16.577721612,26.9316439393,144.4277011494,52.4204204902,631.2527586207,283.1555646624,374.0655172414,207.3022588372,1.9211e-06,1.5678e-06,2.569e-07,2.38e-07,1.2961e-06,7.612e-07,10.3738548603,93.2972301865,18.832784624,6.7681349658,-2.2752697098,5.2098508623,-1.8615568635,6.1227215701,11.3681309528,6.5388948195,10.1266429272,86.6126463319,-9.5021477541,64.3594356386,162.9996086689,67.5199731176,-137.2278596594,60.4106146785,8.35
3,631.0517,0.1284750499521643,0.0021966916317465,618.2903,0.1152055711516782,0.0004649413438665,613.5003,0.0862222087194862,0.0002248669272138,402.5517220332414,5.480917120710442,3.865442137927666e-05,35.9,33.0,15.0,22.5460682276,29.2251331367,22.1402427745,28.5723393017,188.9561029412,48.0046891578,937.3248529412,410.9211910344,666.8693382353,370.9764321438,1.819e-06,1.707e-06,1.355e-07,2.027e-07,1.3338e-06,7.824e-07,18.4648406008,73.0103819949,18.4431533241,5.7271077755,-1.9812683773,4.0845237146,-2.1334684651,5.0237724585,10.3541753578,5.4659079331,18.8505549359,65.8533714345,17.5204646423,60.4862290755,157.1223807198,70.528014196,-129.1399559669,68.0922917058,8.35
4,640.9043,0.0759020791997973,0.0018549791689782,629.1124,0.1015013088475073,0.0006384798938622,621.7842,0.0795415074847532,0.0003166591514089,422.8833358765167,33.15524144259087,0.0002033161384327,35.9,33.0,15.0,23.0502105888,32.4434571465,23.1948133613,30.1179442316,221.2904929577,39.548156495,937.9122535211,322.7017580782,642.8291549296,279.0065298481,1.7517e-06,1.8281e-06,2.08e-08,1.043e-07,1.3299e-06,9.149e-07,27.0563122122,83.8764800946,18.1942660048,5.3783623908,-1.6400215307,3.6473049782,-2.0981747142,4.6264865682,9.5546174278,4.8650481138,26.9159711067,76.4143327177,17.6281314099,70.2977850837,149.1184718874,77.4226765067,-118.7715772721,60.910494361,8.35
5,646.1621,0.0379366763786635,0.0010886503588113,638.3447,0.0841808493701332,0.0007471529252218,629.2778,0.0707253192079045,0.0003935395900246,486.66154268704616,72.25473453064112,0.0006377820681052,35.9,33.0,15.0,18.6576969835,29.8906490919,18.9476253669,29.1930595917,184.8010240964,77.1216709549,719.0018674699,272.979427705,563.3977710843,124.7486896055,1.8658e-06,1.8974e-06,3.28e-08,7.64e-08,1.1736e-06,9.83e-07,7.7930219968,50.5887619107,17.149599381,4.8847338681,-2.0396707314,3.0730214571,-2.7041536102,4.0596770849,8.14637473,4.6207230598,9.4138071855,48.8485230769,19.9883127503,58.4228647217,166.4517502104,78.6813160235,-130.632365976,62.9609467967,8.35
6,648.6788,0.0182276957468908,0.0004946110861988,645.7155,0.0648678228145834,0.0007926329494441,635.7894,0.0601879325635205,0.0004520563286652,523.6250054495714,70.72900478675682,0.0003696346276252,35.9,33.0,15.0,12.8109998928,36.7940326689,13.1477344357,33.6779798096,191.7277310924,93.3350474442,675.7971428571,302.3830858869,600.2062184874,164.2509875032,1.4867e-06,1.9695e-06,1.144e-07,1.279e-07,7.109e-07,1.07e-06,7.8801192514,70.6045180262,18.2552975741,5.7194267912,-1.1034452967,3.9323488281,-1.3886675149,4.8672777012,8.8635676189,5.4044542652,7.9151516264,63.0328817388,-4.9207001464,59.4794101466,152.0903479836,97.7782002839,-110.5890418214,72.1344949963,8.35
7,649.9111,0.008362624218019,0.0003518786940269,651.1099,0.0450448020171902,0.0007846651077879,641.1729,0.048415262728002,0.0004900662876709,524.7307756864808,69.0841445810117,1.105770236909387e-05,38.2,25.2,12.0,7.4961745455,30.0294742708,8.0714760158,28.4341923024,193.8186170213,96.3677854004,650.7430851064,214.7149630697,431.5914893617,204.9210731921,1.1058e-06,2.104e-06,2.326e-07,1.96e-07,3.325e-07,1.2143e-06,40.9775760457,111.0284686305,19.3449823206,6.4659945956,0.2922147369,4.7472269883,0.3370020401,5.6293936252,9.3624405615,6.0657851151,36.4379831823,97.8494954415,-16.3287136389,58.503684442,140.5377961521,100.0640449502,-89.5301351547,63.9022543708,8.35
8,650.236,0.0031759850616971,0.0004749548370845,654.5465,0.0258971368780733,0.0007370822597423,645.3333,0.0359321187219616,0.0005067239008725,494.6833404541167,70.30374535604392,0.0003004743523236,38.2,25.2,12.0,8.9779608315,25.7028295225,9.8011146671,21.1311340722,210.0109868421,133.9916499596,609.0325,196.765319494,368.5093421053,185.5821774411,1.2252e-06,2.1943e-06,2.257e-07,1.906e-07,4.313e-07,1.1833e-06,28.7035783576,74.9112333664,18.2046751295,5.8418589843,0.0576309844,4.0616827908,0.1834173009,4.9644424745,7.9581059161,5.3931880435,27.6430620338,69.7271952087,2.2336069991,76.5634715634,149.5288235849,93.446710572,-118.3162826153,80.1897567705,8.35
9,649.3879,0.0140818859912419,0.000466260865577,656.1428,0.0082483056586139,0.0006646607611986,648.2289,0.0232703905446664,0.0005024171616126,417.5081957207213,27.93295596400365,0.0007717514473339,38.2,25.2,12.0,9.3831582225,27.3631428071,10.1738752849,24.0836227042,179.8453424658,74.0779748307,837.8930136986,160.8553651848,482.9984246575,192.8220155633,9.443e-07,2.3153e-06,1.292e-07,2.024e-07,2.956e-07,1.1849e-06,54.2980331174,73.8895295878,19.1581766294,5.6038315652,1.2554500236,3.7674219803,1.7920500439,4.6245196191,8.6525270045,5.1726741417,51.4042422538,60.9070123764,-6.6997647336,74.5702247667,151.0433997819,133.9394298214,-104.164488153,103.7953704702,8.35
10,647.4116,0.0223892223165876,0.0001566634403543,656.0786,0.0074368778258063,0.0005807094582997,649.8705,0.0109394282971366,0.000478646452884,400.4426264528197,2.911395537895526,0.000170655692679,38.2,25.2,12.0,-1.1374030603,28.5733324244,-0.8818776729,26.865108914,150.2980519481,52.0012820656,668.9230519481,243.5781540151,406.0746753247,169.4638730345,8.916e-07,2.4683e-06,6.5e-09,2.004e-07,2.353e-07,1.3073e-06,49.3584230683,68.7993219003,18.5941828109,5.4181890531,1.1468919398,3.5533552219,2.0423378131,4.3267462513,7.9045992012,4.9694670316,46.3715614441,59.908114078,0.3736554355,59.3696321002,147.7962080032,141.8411876622,-110.8204372043,110.9688794539,8.35
11,645.1953,0.0187070601874755,0.0004573077007329,654.5628,0.0209849350682511,0.0004948412104242,650.3171,0.0028186581364114,0.0004378306613318,401.8620710702069,2.054834908864993,1.4194446173872444e-05,38.2,25.2,12.0,-1.0645432205,27.1877729658,-0.6204881057,25.4547674995,139.4440298507,50.7459026082,504.7832089552,149.7182488483,247.5815671642,84.1649083986,6.033e-07,2.6633e-06,3.66e-08,2.326e-07,5.45e-08,1.5017e-06,28.8410099236,59.3049629896,17.8851063511,5.1447523686,0.7161899149,3.3695076914,2.0712554208,4.0305022524,6.8308205378,4.6459956738,26.7224428003,50.9026632946,-17.9150544918,62.4439065174,117.3514701951,115.075125716,-108.7036980306,112.2928863888,8.35
12,644.099,0.0053842108736899,0.0007861787413277,651.8096,0.0324096639384571,0.0004111109512249,649.6704,0.0109545985242944,0.0003830587803725,402.465516189,11.031637918507236,6.034451187930667e-06,38.2,25.2,12.0,-3.0185689678,25.1670223788,-2.5994604211,23.1917978219,125.9451369863,14.3553242109,607.2471232877,172.0598578265,359.2469863014,229.595126077,6.541e-07,2.6935e-06,1.274e-07,2.623e-07,-6e-09,1.5617e-06,23.1410258068,64.6996544905,16.6427548792,4.8068927271,0.1285511216,3.0785410881,1.7838759043,3.6666223321,5.5286936874,4.2950067039,18.4616960889,54.695958066,-16.0898334432,51.7436056486,133.5387462502,125.3455483767,-95.9774723818,127.3163020619,8.35
13,644.9071,0.0154625102692737,0.0005284331612771,648.0286,0.0417486278335695,0.000326980447768,648.0672,0.019814974886083,0.000317819615132,329.23529546397054,78.53682168082422,0.0007323022072502,38.2,25.2,12.0,3.8002307105,26.0415005571,4.8948375249,23.8964130197,121.9684042553,12.3869988297,569.2537234043,180.6392584447,715.6042553191,343.7110861579,1.1821e-06,2.5473e-06,1.571e-07,2.552e-07,2.464e-07,1.4987e-06,6.7945021193,36.7663628251,14.9227297416,3.8102340566,-0.5732102418,2.0627859544,1.1444860197,2.6082678231,3.7213382462,3.4264960011,7.6639785698,36.784855867,-1.9581794741,45.3234022538,188.4471095006,165.7531156418,-156.4121100803,153.0548657595,8.35
14,646.9835,0.0207075310409136,0.0002911148164012,643.431,0.0489085268659005,0.0002343016552788,645.6701,0.026960162678018,0.000245773100297,180.33333151673327,56.16020097716297,0.0014890196394723,38.2,25.2,12.0,14.4790103994,31.770273117,15.5590166219,30.7486570489,110.8251162791,18.7524333766,392.3572674419,112.2653086835,659.8060465116,245.2463419056,9.039e-07,2.4722e-06,2.688e-07,2.699e-07,9.63e-08,1.4481e-06,-1.7775208528,43.3575292961,15.3881541521,3.4007505151,-0.0024304137,1.6402854266,1.9923273577,2.1162500548,3.9798892223,2.9721305841,-3.1940154219,41.5320866357,-9.2148946071,59.4550480235,191.747980254,160.0681440134,-160.3498342128,166.9843262449,8.35
15,648.4459,0.00787163288336,0.0011189576293207,638.2495,0.0535656332479076,0.0001235865387244,642.6588,0.0322616917000468,0.0001706310797112,235.6984173003016,44.23947453181412,0.0005536508578356,38.2,25.2,12.0,10.860206521,30.4771336865,11.3827445638,29.5209103626,94.6207741935,31.2909471714,310.5417419355,122.2584208546,406.5585806452,209.069461729,7.367e-07,2.2748e-06,3.877e-07,3.162e-07,3.74e-08,1.3113e-06,30.3101384924,63.1950302547,16.3506884141,3.3382802269,1.3186489256,1.834457926,3.4827724107,2.1960821063,4.832789418,2.9706455082,30.9361752333,61.1959642218,20.1015896607,69.1642449056,209.8020029664,205.6618725246,-157.5892093889,195.9630825165,5.9
16,647.1417,0.0308447554660438,0.0016934784121464,632.7613,0.0551972909701287,3.728746206495836e-05,639.221,0.0356839177174568,9.609506652848293e-05,331.4761899917619,42.97945261313587,0.0009577777269146,46.6,46.6,30.0,12.2126076621,29.1554738687,13.472891661,28.2241503773,116.4663190184,34.5417620084,409.7662576687,106.0453266099,393.3114110429,224.6878544389,8.796e-07,2.0751e-06,4.567e-07,3.338e-07,1.358e-07,1.1671e-06,73.4569851831,75.7972198907,16.5863018266,3.9914855672,2.2202210495,2.4071619184,4.4208586929,2.7965812903,4.9014001007,3.5350771946,69.4996398185,77.7363443432,72.1359079516,67.6850688935,186.9407331943,147.7672989168,-177.4888381872,151.6367885797,6.1
17,641.6608,0.0745832037502252,0.00169959975252,627.3008,0.0532439319858112,0.000163754625627,635.5424,0.0372827625701308,2.6631833940468415e-05,484.966105315661,99.3219382292603,0.0015348991532389,46.6,46.6,30.0,-2.4256682981,28.6442255402,-1.2448143803,26.5592038883,160.273125,50.3220227009,478.9447222222,100.6681502163,448.9456944444,226.5361767487,6.053e-07,1.938e-06,5.807e-07,3.229e-07,1.06e-07,1.0579e-06,48.0521933898,65.2037286885,15.1785528102,3.722559105,1.0884711107,2.0331515857,3.3557449089,2.3906069753,3.1436398504,3.1511135097,44.7619348799,63.8816170357,52.7842259318,56.8769012681,167.7214840082,161.3616449401,-136.3555302822,151.3635312115,6.4
18,631.9961,0.1111273161676435,0.0010585552313161,622.2503,0.0473493263303105,0.0003230385664789,631.7988,0.0372012603173596,3.706646289156377e-05,511.57406503177776,87.0288582083407,0.0002660795971611,46.6,46.6,30.0,-1.148554682,28.0891232797,-1.0240405552,26.7137431371,202.0337113402,70.787895149,537.0965979381,159.0312745543,473.9029896907,182.3130649003,1.876e-07,1.8575e-06,6.591e-07,3.207e-07,2.373e-07,9.395e-07,-15.6423825046,72.9310283216,11.84903078,3.5144955578,-1.7481020208,2.1092221719,0.5034026436,2.2682616919,-0.3471691661,3.044753175,-18.74856713,61.7322124681,-25.2653977891,73.5804507952,188.9366734056,190.2437621516,-126.6745477078,180.9950372082,1.0
19,619.7332,0.1256827122708118,0.0003118114262126,618.0057,0.0376108644132361,0.0004651929427009,628.1467,0.0356604180112882,8.95431868852173e-05,422.7963002523519,65.35753065970562,0.0008877776477942,46.6,46.6,30.0,-2.4877239545,29.4499465511,-1.6921334689,29.2802685709,135.5289380531,56.1867536961,424.74,168.4379325985,441.1407079646,120.8511184091,3.89e-08,1.8769e-06,3.037e-07,1.895e-07,2.8e-07,8.358e-07,-38.898366849,87.8083382297,9.1716408383,4.5890265189,-3.4325825779,3.105893888,-1.3451647779,3.3030198629,-3.2044092198,3.9483333597,-41.738509763,71.6458034881,-55.300160639,77.8127445998,184.1327087402,111.2649022966,-150.1836720705,123.3551787922,5.2
20,607.6069,0.1109146127745309,0.0012156361499504,614.9198,0.024764391152609,0.000562639124222,624.7174,0.0329440335073822,0.0001296067266232,311.9482769143793,34.193370756371614,0.0011084802333797,46.6,46.6,30.0,-4.9326236398,33.9398183288,-4.4608732533,33.0423214826,76.5041549296,16.6176775993,246.8783098592,89.8576727737,334.3054929577,155.1240483421,2.464e-07,1.7892e-06,-2.24e-08,1.752e-07,1.472e-07,8.152e-07,-44.0804096895,58.8975856995,8.2070331476,4.9669283097,-3.2083265432,3.3124043986,-1.3556508541,3.6476762348,-4.2770949099,4.3785780677,-42.2611816354,53.067288724,-37.6257639941,86.8124948811,215.3381743644,98.7035321978,-187.471081328,109.6801942917,5.0
21,598.4853,0.0702328815450247,0.0020491698002038,613.2335,0.0102203456863368,0.0005906272354333,621.6107,0.0293761455072448,0.0001562606353295,336.7460375589683,15.278342187265835,0.0002479776064458,46.6,46.6,30.0,-9.2215325987,31.3385008471,-9.0112501836,31.3720363752,98.2003726708,27.5875161903,306.7691304348,99.3750694294,459.7270186335,200.9666086255,5.613e-07,1.7254e-06,-5.6e-08,1.213e-07,1.694e-07,8.788e-07,2.4711808965,76.4297006072,8.9062083142,5.6342703643,-1.4065405023,3.790894468,0.2086489183,4.2671313556,-3.430932939,4.8952357118,1.3349551085,69.1434261691,1.2875563781,66.4522060575,202.1942264629,67.2758045298,-193.2703417337,70.4040653815,5.6
22,594.4392,0.0184641914242035,0.0024064023792401,613.0155,0.0046802707041234,0.0005347097807861,618.8933,0.0252914440210085,0.0001698003897225,356.3174549889206,34.21307252916478,0.0001957141742995,46.6,46.6,30.0,-12.9856311869,33.1199040025,-11.7788715569,29.0208008544,131.0557971014,37.1071512076,439.6892753623,123.9563407925,581.6982608696,126.561725056,4.523e-07,1.7494e-06,-3.1e-09,1.064e-07,3.83e-08,9.511e-07,45.7209609025,83.8607343278,11.0316193067,6.3656938039,1.189903573,4.3068698394,2.7005861326,4.8640673856,-1.4828594828,5.6000362825,44.0835283733,80.6181766237,38.1686806866,49.7812376795,199.6856057839,49.3589101415,-191.0896500447,68.5343331276,5.8
23,596.3605,0.0456571615963638,0.002266234104422,614.126,0.0160566839765894,0.0003954814457059,616.5994,0.0210022075232038,0.0001718442232966,358.03389623611866,28.63739963204642,1.7164412471980528e-05,46.6,46.6,30.0,-19.4859220983,39.9430338719,-19.3781534113,41.3597455606,135.0064179104,25.8461323474,419.1454477612,81.1558429639,344.2314925373,164.4861794834,3.21e-07,1.7879e-06,6.78e-08,9.08e-08,-8.21e-08,9.828e-07,61.4773003608,86.3233626169,11.7579293549,6.3721160878,2.4053142823,4.2350038219,3.8351299665,4.8442861833,-0.8978617827,5.5992144759,56.0189841329,81.3250812926,45.9032320952,58.7395899408,173.6099533536,84.9284873693,-173.6053180979,86.1292442005,5.2
24,603.8962,0.0959764660859521,0.0016048671720888,616.2187,0.0237418397249153,0.0001901411308431,614.7341,0.0167666958075135,0.000165168899563,351.39393245812124,22.56296401268641,6.639963777997415e-05,47.0,47.0,30.0,-16.8867595952,41.5697733559,-15.0934396491,39.736639826,228.4115853659,88.4857815155,394.3861585366,85.0808180095,311.8253658537,120.1218229772,5.754e-07,1.7531e-06,1.091e-07,4e-08,4.54e-08,9.73e-07,33.0142367095,86.9196689074,10.0578781703,5.5381846137,1.553870661,3.5591487416,2.8087827081,4.1464213774,-2.545741831,4.7836996899,31.6852021418,74.1887480353,48.8379635997,54.6905923052,252.7207525327,175.409268838,-188.756010639,161.119363731,1.0
25,615.3932,0.1239145626042483,0.000490699995298,618.7832,0.0258322383392606,7.142249159486899e-05,613.2814,0.012763671137935,0.0001533706654391,330.2786840219344,15.158325377651655,0.0002111524843618,47.0,47.0,30.0,-15.6164011899,39.3924349804,-17.0804674172,39.3665617217,301.4087820513,67.7075244402,491.7530128205,80.8254376166,444.1330769231,134.9461788565,5.809e-07,1.7019e-06,1.267e-07,4.68e-08,1.23e-08,9.429e-07,-5.0903002148,67.7913235502,8.4893939435,5.3985189479,0.4065357884,3.2605639159,1.5743401136,3.8905723624,-4.1403589987,4.7875239391,-5.2768561188,66.520541609,40.003466561,72.9228908891,233.2087959671,152.1564918465,-179.704624244,147.9315859984,1.0
26,627.9691,0.1190959737930378,0.0009770175845705,621.2257,0.0219406778545732,0.0002801555014438,612.2119,0.0090770829801154,0.000140381347661,323.39682539685714,9.1539518254049,6.881858625077231e-05,47.0,47.0,30.0,-19.3256542888,39.7754152565,-18.1541700725,37.7169151069,171.7814893617,52.063525449,401.6353191489,137.1544534046,280.2480141844,93.5361885686,4.381e-07,1.6585e-06,1.287e-07,9.12e-08,-8.47e-08,8.984e-07,-2.708689058,77.789049945,8.294676762,4.992291336,0.147711125,2.9243630248,1.3830956881,3.5088196547,-4.632082988,4.2351596849,-3.1727787601,76.7449477388,32.6613721848,83.7321902691,253.2489632022,219.282801698,-118.8531751864,188.5887570996,6.0
27,638.1246,0.0802321350956455,0.0021682594811282,622.973,0.0127791470588071,0.0004585111485228,611.4936,0.0056942092466452,0.0001298731557059,315.4090959953788,7.467053159862579,7.987729401478404e-05,45.9,45.9,31.0,-16.9092709297,35.263847677,-17.3415558809,36.0979310856,90.3171165644,45.9401423664,186.7197546012,50.7906728304,135.856809816,25.1052285197,7.178e-07,1.5467e-06,1.015e-07,1.153e-07,1.232e-07,8.22e-07,-5.0427399921,78.483930948,7.125812368,4.6746551868,-0.4969190007,2.7370550405,0.6261214988,3.2872746831,-5.8321197037,4.0060939848,-5.9976157555,72.9175304748,51.6270114788,84.9638721544,195.2254322133,94.7562276909,-173.4019921485,101.5912003525,6.0
28,642.9325,0.0220903067807792,0.0026389513883864,623.5829,0.0034605683960761,0.0005475136641025,611.1005,0.002519144584991,0.0001246458673226,307.6451563681129,9.420463078853553,7.763939627265848e-05,45.9,45.9,31.0,-18.5727566132,35.8486780712,-18.2369912691,36.0806037305,58.0145070423,9.0813110657,140.3842253521,25.4237643993,111.8992957746,23.4251210302,4.902e-07,1.5659e-06,1.027e-07,1.285e-07,7.91e-08,8.056e-07,-8.1618646388,70.9027876139,7.2886281342,4.6162144334,-0.7486139566,2.5429582485,0.5195972415,3.1291489599,-5.9566791913,3.9453595567,-7.0929718188,66.1702737251,44.6821249284,87.8063641774,164.5385001442,55.4985102031,-160.8294317072,64.1920945074,5.5
29,641.2336,0.0440901396173537,0.0022260064209449,622.8349,0.0135860436518477,0.0005267659345329,611.0197,0.0009053959522195,0.0001261302456037,296.50000326973213,14.425915998455228,0.0001114515309838,45.9,45.9,31.0,-21.7841386611,40.6859578506,-22.2126082955,41.3947328196,56.3159813084,16.219298005,132.5054205607,23.6079545156,87.5162616822,29.8580041249,2.456e-07,1.5592e-06,6.38e-08,1.219e-07,6.36e-08,7.59e-07,-16.9809225033,57.9607874735,7.7161309822,4.36412232,-1.1125332368,2.1802105841,0.3945642941,2.7927851629,-6.0670732148,3.6599413021,-15.2320013323,57.2895157418,13.3565750527,84.8216390718,144.7989170368,41.1361984995,-146.06506377,46.4279565904,6.3
30,634.0262,0.0893739713975618,0.0012494805131934,620.7808,0.0255055796040305,0.0003970132579368,611.2549,0.0038305767917438,0.000134139592984,284.55737729932787,20.18645389656724,0.000119426259704,45.9,45.9,31.0,-17.7253913247,39.7153259008,-18.1688914454,39.7204945571,66.6260162602,31.5097172969,136.4928455285,39.8733521977,76.6240650407,23.4578917273,3.813e-07,1.596e-06,-7e-08,7.8e-08,2.277e-07,7.619e-07,-32.4957808219,41.4962930358,6.9031685297,4.8304175498,-1.8981943736,2.3130859312,-0.4464938573,3.0948140891,-7.0883717826,4.0640503568,-31.1338614061,40.083032978,12.8524551416,81.3589755222,145.14889134,32.1166495561,-149.2959812709,33.6688348481,1.0
31,623.6994,0.1086205240802485,0.0002830782190736,617.7429,0.0331291635631516,0.0001791455801219,611.8259,0.0073209508888708,0.0001469542969136,272.7419315461129,31.460638309515257,0.0001181544575321,45.1,45.1,31.0,-17.1506002554,36.6655693903,-16.8366969218,37.127547637,94.4271328671,45.1804013705,186.4159440559,54.8143526102,83.8616083916,21.8509050124,5.839e-07,1.6091e-06,-1.44e-07,1.304e-07,2.987e-07,8.1e-07,-24.8173711801,53.5406985624,7.077981786,5.4216167656,-1.8115254376,2.7708059354,-0.4385652151,3.6283091418,-7.2159846199,4.5163058024,-23.6444650006,50.6800681852,22.3246510476,74.2447100683,144.0718523056,27.3538039302,-147.293899294,28.2577448155,1.0
32,612.8314,0.1039047378029838,0.0006280041229076,614.2624,0.0346322317915849,0.0001002863666024,612.7645,0.0111600154883937,0.0001616731488881,267.95000356043334,47.39318931414543,4.7919279856795113e-05,45.1,45.1,31.0,-19.065948091,39.3465646304,-19.4385890137,39.7751058381,130.4854615385,54.1226142286,246.9880769231,80.4827390008,102.3676923077,32.2171381659,5.406e-07,1.6218e-06,-1.362e-07,1.782e-07,2.335e-07,8.661e-07,-10.1879275333,49.6575428416,8.3252173546,5.2941420076,-0.9842506958,2.667414625,0.3704734638,3.5550746994,-6.260768212,4.5184711297,-9.8533359832,48.8117596825,37.2953020804,79.1421110858,145.4197474888,29.514355471,-144.7557535928,30.6082505325,1.0
33,603.51,0.0810033110253495,0.001225972588341,611.0103,0.0291913351975148,0.0003696146931179,614.1071,0.0153557760304406,0.0001746970659565,237.37705693488527,66.97128277422054,0.0003057294662554,45.1,45.1,31.0,-24.9510724589,40.9235336086,-24.4357821543,39.9548591331,133.4408064516,25.8179558546,303.9385483871,74.9651721037,118.1912903226,26.9908752493,4.459e-07,1.6638e-06,-6.28e-08,1.606e-07,1.713e-07,9.088e-07,3.8952336067,57.0055204206,9.5521534236,5.9039946771,-0.2245215299,3.1463888474,1.0477181798,4.1158512248,-5.3811399128,5.1205280282,4.1585192159,55.7160820585,49.0304445078,83.2270012032,169.3975480886,69.4064554787,-131.0362025628,81.2657084915,5.8
34,597.2307,0.0457779358446316,0.0015873331994223,608.6786,0.0171125566167661,0.0006112483517032,615.8859,0.0198234326998889,0.0001822817266369,199.50793880887292,77.17428285636164,0.0003786911812601,45.1,45.1,31.0,-25.0100731813,41.022151827,-24.6398245883,41.1423157813,93.2361940299,15.719963199,228.7807462687,64.5103560427,137.1807462687,38.9693499849,4.268e-07,1.7073e-06,1.9e-09,8.92e-08,9.9e-08,9.023e-07,4.3147655864,66.5476650576,9.9875745328,6.2575987833,-0.16704956,3.4516498035,0.9373603913,4.4846202837,-5.2756135179,5.5651596593,2.8959240726,64.1348373554,59.0036436475,80.8427393082,160.1976350243,46.8396332394,-144.2159981692,67.9201640189,4.8
35,594.8943,0.0111666763548616,0.0016925899659285,607.8676,0.0048813907700055,0.0007770055626268,618.1196,0.0243882980348721,0.0001811171265211,198.18334058126663,79.62673646207632,1.3245982276063053e-05,45.1,45.1,31.0,-25.1120783785,43.6677508063,-24.6974278916,43.5841045147,126.93408,32.1951583713,292.72488,80.7647825985,198.70392,31.6178283099,2.86e-07,1.7538e-06,-3.6e-09,4.38e-08,-2.68e-08,9.063e-07,1.17120589,60.2526142372,10.6682939028,6.4448186555,-0.2903362164,3.5311588237,0.738941931,4.6448990093,-5.020863822,5.6005448766,1.0012560572,59.9638397533,54.1480637667,74.8385347416,142.0153607355,32.755895572,-145.8092395949,32.3946797361,7.51
36,596.7649,0.0368164899739195,0.001550779825109,608.9889,0.0205898474271209,0.0008404572758639,620.8049,0.0288026343248421,0.000168835926918,148.20000648494667,68.68085392259997,0.0004998333409631,43.8,43.8,46.0,-23.58682673,44.4039457396,-23.3751687706,43.5745205198,149.8309756098,16.6146550754,390.763495935,47.5800885796,212.3985365854,51.642046534,2.702e-07,1.7576e-06,-7.89e-08,9.06e-08,9e-09,8.753e-07,-17.2843335244,49.9087836343,10.4935254997,6.6615373059,-1.143767863,3.6032167808,-0.2909262753,4.7995760753,-5.6481123301,5.9578175996,-16.7944456039,49.9099488137,33.5511129165,87.6675197022,139.0535436989,34.6289482726,-144.4596478007,32.3395241273,7.51
37,602.4929,0.0720945936409173,0.0012099350083784,612.2002,0.0412808530488679,0.0007914234698302,623.9112,0.0327735115347581,0.0001443603590837,192.2881414122373,56.8968885080215,0.0004408813492729,43.8,43.8,46.0,-20.9109977469,43.458927534,-20.2089125449,43.3278460291,126.2103333333,17.8440902417,359.6378333333,63.8436092754,218.6810833333,64.6460571728,3.43e-07,1.7464e-06,-2.199e-07,1.689e-07,1.331e-07,8.301e-07,-22.7292815348,65.9512018463,10.6719911546,7.4761759188,-1.6971043342,4.3492859336,-1.0335603936,5.5921360484,-5.8939584032,6.7970773786,-23.3413416018,60.6278767446,24.2202846646,86.4639446906,140.8329025717,44.8742178412,-142.0247701757,44.0824082885,7.51
38,611.2332,0.0972696211746374,0.0007450420638834,617.3796,0.059527050577874,0.000636808672379,627.3771,0.0359971352333679,0.0001080504941773,222.9152591511865,98.01388763169948,0.0003062711773894,43.8,43.8,46.0,-25.393451913,46.9263479182,-24.6615442543,46.1502195955,90.5025925926,13.332773764,221.4150925926,46.6004820054,183.8055555556,29.2908318779,3.138e-07,1.8235e-06,-3.16e-07,1.374e-07,1.979e-07,9.411e-07,-2.3703918533,100.0606000032,12.4090714016,8.6768354295,-1.1632043604,5.407032237,-0.552343005,6.6965346823,-4.7208810443,7.9197120273,-2.7599226736,90.0955983602,20.9165274139,90.1197744643,145.5599072337,83.5573593132,-124.2056645811,85.1043302075,7.51
39,621.8349,0.1104282188007631,0.000269527632006,624.1428,0.0729110453972188,0.0003988804327857,631.1122,0.0381946159123455,6.16528460049681e-05,160.898301205339,53.96756314210954,0.0006201695794584,43.8,43.8,46.0,-19.2742388653,42.7359316019,-19.3459164438,43.5034924444,76.1814049587,10.1444283699,131.7646280992,19.3169834512,97.2659504132,18.8932379603,4.719e-07,1.9908e-06,-2.097e-07,1.095e-07,2.427e-07,1.1086e-06,-18.5826180985,96.5047347674,12.2368192832,8.8239649932,-2.0229917174,5.4182083407,-1.6584714676,6.7695426654,-5.3734722997,7.9872270629,-20.1014963167,87.5901257518,19.4307814704,95.1309566584,140.6025618689,59.1753345998,-134.8519651822,59.345833358,8.1
40,633.1213,0.1126843363993062,0.0001175252367211,631.8983,0.0797099823509406,0.0001167231310911,635.0008,0.0391442887803258,1.5350280046633168e-05,138.82812583444377,93.5316724837487,0.0002207017537089,43.8,43.8,46.0,-18.1781452331,37.2716857783,-17.7475311311,37.0626786598,76.7040441176,12.8545162228,137.1941176471,25.2247061276,86.9699264706,20.2394096671,6.011e-07,2.1136e-06,-4.53e-08,1.223e-07,2.739e-07,1.193e-06,-32.3633305451,77.1079810366,12.1396524009,8.184130305,-2.7122373554,4.7307951564,-2.553086728,6.1275283091,-5.6778696875,7.5349165088,-33.6332696434,63.8094567275,19.4205601971,112.438765726,147.4167699813,44.953576004,-146.5891143799,41.8894769758,8.1
41,644.1489,0.1066305102581158,0.0004009370909097,639.9307,0.0791152427650485,0.000187063454983,638.9091,0.038706137678651,4.908820303581248e-05,136.80328131505902,48.15236169095042,2.0248445193847275e-05,43.8,43.8,46.0,-17.5776908703,36.2447730221,-17.218626178,35.8937964654,76.4541463415,14.236841303,133.4710569106,18.979830022,82.6791056911,18.6610136624,4.412e-07,2.1905e-06,7.95e-08,9.58e-08,1.41e-07,1.2156e-06,0.3975690854,96.2280306725,14.2710809536,8.3122154797,-1.8344469617,4.816434781,-1.5812832323,6.2489762453,-4.1609597345,7.5656334107,-4.3609647185,77.103258705,19.4259184329,115.2215008715,142.2900433396,46.2638037441,-142.586079453,44.5333253964,8.2
42,654.1736,0.0933668811835031,0.0006908140027222,647.4984,0.0713071587161464,0.000456803887106,642.6947,0.0368356292556543,0.0001058357799662,194.052630642,68.09781808216141,0.0005724934932694,42.6,42.6,46.0,-17.8322660938,37.1040670504,-17.2294249241,35.8772641163,80.1697938144,18.9879404473,150.8441237113,44.0702399703,74.6687628866,20.8496067978,1.466e-07,2.1789e-06,9.05e-08,7.71e-08,-8.71e-08,1.1324e-06,9.1419942338,96.9900587527,17.2722276619,8.6746011598,-0.775428493,5.053945218,-0.1768192807,6.5053521811,-1.721349119,7.9682114849,6.5873593864,80.8134939367,1.2494000667,113.111377774,136.9440825098,66.8033002201,-133.6046870095,63.0441992782,8.2
43,662.4721,0.0728727886054033,0.0009719485516347,653.9302,0.0573987415228803,0.0006638672415163,646.2162,0.0335863769477029,0.0001583732191229,213.0517259794828,58.95481155120163,0.0001899909533748,42.6,42.6,46.0,-14.3508196401,34.7167017329,-13.1603430809,32.7055813522,93.4650909091,19.6075744059,157.8004545455,48.2207500486,77.0445454545,16.8337757681,3.623e-07,2.0445e-06,3.52e-08,5.12e-08,6.77e-08,1.0511e-06,21.965122867,106.4117781553,18.078502412,9.0364499829,-0.9787022731,5.2535757235,-0.3636820803,6.7536495166,-1.4436723547,8.2414918376,15.453622254,91.0133479738,15.1361072029,121.4018365888,150.5980581593,86.5569689095,-125.4676944146,78.2609884788,8.1
44,668.3446,0.0457472791882647,0.0012159140881218,658.711,0.0392546351127484,0.0007839871768771,649.3424,0.0291016017039002,0.0002034673334291,176.4516136415645,23.482098434083746,0.0003660011233791,42.6,42.6,46.0,-13.0291797159,28.8468625348,-13.0595959172,28.7694078919,97.0135384615,13.9468528494,189.9998461538,36.393861887,96.3310769231,26.092153853,6.029e-07,1.9145e-06,4.94e-08,9.93e-08,2.973e-07,1.0228e-06,4.3768769474,94.2015663191,18.5204053455,8.8786924396,-1.5279594831,5.0565773127,-0.8088688975,6.5715633191,-1.3209223461,8.1632134731,5.6422514909,85.9165437027,3.9396788702,131.3784409441,161.5303015028,54.9708022125,-139.1286207532,55.8168309649,8.1
45,671.1819,0.013703518387227,0.0014067377783346,661.5415,0.019201967430189,0.000806092204196,651.961,0.023595613614863,0.0002387980624369,183.16128687701607,30.59738117735392,6.709673235451575e-05,42.6,42.6,46.0,-10.741496179,29.3941508837,-10.5199588236,30.0888873925,117.631953125,31.9487612499,328.545078125,169.0789663654,110.9134375,34.7114809321,6.326e-07,1.8513e-06,1.073e-07,1.961e-07,3.978e-07,9.897e-07,3.2077048967,93.5239274927,19.5414855377,8.9209503513,-1.7073731249,5.0668027482,-0.7547072156,6.5995738242,-0.7777239577,8.2594229827,1.2068535271,82.43731418,-3.277693006,143.0209125227,144.2925523943,54.6571519735,-133.4469244557,58.677820313,8.1
46,670.516,0.0230896754562423,0.0014505962891069,662.3662,0.0046856827776922,0.000733250292905,653.9837,0.0173286577725178,0.000263136563605,201.52380564853968,38.97897701993656,0.0001836251877152,42.6,42.6,46.0,-5.5871330774,30.2995586202,-4.598362345,28.4246136928,111.1967153285,28.1131752397,271.4974452555,154.0165294145,101.5575182482,26.229344568,6.255e-07,1.8619e-06,1.305e-07,2.951e-07,3.998e-07,9.437e-07,13.1118483849,119.4375486127,20.33219063,8.9817412045,-1.8925846919,5.2014999658,-0.7707702336,6.7178362197,-0.4266112329,8.3341405465,6.2659147236,97.1080529112,4.4334124708,131.609846951,150.1794853211,61.0388850323,-138.4071713432,64.2921101012,8.1
47,666.2545,0.0571670944467123,0.0011874742297072,661.3655,0.0170801946191017,0.0005819032566409,655.3496,0.0105789842513607,0.0002763776761588,257.5344830216724,60.87472061371473,0.0005601067737313,42.6,42.6,46.0,-11.7610342894,34.5538620621,-11.1008346281,34.7912628329,100.7494,22.9844896754,244.6768,79.9241421209,154.8939,52.2531950965,1.486e-07,2.0542e-06,1.468e-07,3.606e-07,8.69e-08,1.0029e-06,31.2112909611,125.8776828938,23.538240424,9.2435386925,-0.7317729379,5.4127724375,0.9683980372,6.9370470974,2.2016427409,8.5879605665,23.6787365741,109.1083718134,-36.134772111,126.1644201844,150.2487162819,86.3856075336,-131.708109747,78.6785855556,7.97
48,659.0626,0.0803933940634712,0.0005515121671614,658.9151,0.0294229665844108,0.0003795984742794,656.0255,0.0036156661080934,0.0002794328946688,268.06349012587305,74.30393906276602,0.000105290071042,42.6,42.6,46.0,-9.96968948,36.7138974892,-10.1815407236,37.3969897469,99.4029032258,13.6123023564,273.3595967742,49.6536718,269.8307258065,58.7618323867,1.386e-07,2.2419e-06,2.24e-08,3.205e-07,7.28e-08,1.1004e-06,31.6673685936,109.9714996884,25.0044594545,9.092283955,-0.4094507207,5.2205202165,1.4899072563,6.7696763722,3.1746653138,8.5583676417,28.8591698972,94.9095986256,-46.6467647369,138.1242179729,129.8634183603,95.8317634173,-109.6680336155,81.7655041917,7.97
49,650.5133,0.0848383067448883,0.0003084724527822,655.5174,0.0364488971396995,0.0001609291993817,656.0037,0.0033278431962721,0.0002739825368314,294.1052623547895,37.99246743300761,0.0002604177222891,42.6,42.6,46.0,-7.9322151805,45.4866508621,-6.5177579093,44.9450235037,112.8557425743,18.8167857624,313.2635643564,45.7778650646,360.9520792079,102.4395345859,-3.219e-07,2.4763e-06,-1.605e-07,2.542e-07,-9.51e-08,1.1866e-06,65.5396801842,109.6493970322,27.8054521765,9.3172876629,0.7887671262,5.239664364,3.0416367379,6.8683547282,5.4076514786,8.744840852,59.039056799,97.5679674277,-80.0706630253,145.251331134,121.6697548705,67.9447121164,-109.3200084141,63.2388077866,7.97
50,642.6597,0.069447514280738,0.0009544370829097,651.7153,0.0381564524879924,5.405223961225594e-05,655.2976,0.0100513317374387,0.0002621091677257,315.9047594826984,32.84775649275934,0.000217994971279,42.6,42.6,46.0,-1.9536795165,46.607703209,-2.1766866185,46.4700774824,122.6703149606,22.7454602527,341.051496063,74.1322979234,399.9431496063,139.5512284494,-1.555e-07,2.5939e-06,-4.251e-07,1.841e-07,-1.681e-07,1.3232e-06,44.6777379563,114.1814235465,27.8247849842,9.4828020305,0.2330470126,5.3699314852,2.3843483427,7.0312209344,5.011907919,8.9668646675,42.7508867852,105.7608867038,-78.5833272971,145.3991991703,135.690984779,66.7341178139,-118.7670138677,59.694923181,7.71
51,637.1459,0.0420631628897165,0.0011786092851665,648.004,0.0353920661555435,0.0001876192054017,653.9367,0.0164284506296054,0.0002458688613649,317.8412761385873,20.62684751140432,1.936516655888898e-05,34.4,34.4,52.0,-1.8465784799,45.7591787321,1.1094274613,42.4748216349,126.0375193798,27.6576559072,396.3609302326,149.4400964035,410.7089922481,153.1586970597,1.027e-07,2.6523e-06,-3.691e-07,2.779e-07,-2.404e-07,1.4697e-06,47.04488772,133.094772061,28.220841815,9.9439314395,0.0814183696,5.6788311895,2.1003407782,7.4248383829,4.8722561432,9.3377817682,42.3240790126,121.0535255081,-54.3281242137,132.6116495918,132.8909931798,45.0231565274,-116.7703627309,44.9697908821,8.1
52,634.5373,0.0140377130205605,0.0009957494106335,644.7548,0.0296458083517367,0.0002677578470326,651.9613,0.0223662277836963,0.0002269164967509,233.42857167071432,30.353851349651663,0.0008441270446787,34.4,34.4,52.0,-7.3435040055,48.3449384402,-10.1884763684,51.9781775876,107.1956521739,29.9861944794,463.0382608696,270.757285072,322.7876521739,189.0065561473,-1.803e-07,2.657e-06,-3.41e-07,4.105e-07,-4.053e-07,1.4852e-06,67.2414665361,119.3756892551,29.8026185565,9.4827105,0.6532968739,5.2974016485,2.6766975239,7.0501834312,6.0586029008,9.0539497674,63.0139844742,109.4633407205,-78.5578950269,164.3256398711,134.1699756384,32.1163311674,-114.0720205307,31.6754230501,8.1
53,634.4025,0.0072616100428648,0.0006518804307502,642.1675,0.0227453197127165,0.0002724908816766,649.4188,0.0278098882587727,0.0002062855608309,191.47541008624592,20.038171791780183,0.0004195316158446,34.4,34.4,52.0,-12.226128567,48.6509439976,-10.8224647929,47.0950334464,121.200859375,17.6897340916,499.0334375,265.045415408,294.641953125,69.067168542,3.16e-08,2.6887e-06,-2.314e-07,4.222e-07,-2.408e-07,1.5086e-06,39.1075776354,117.9765172859,28.983863269,9.2014841745,-0.3235568015,5.0530422232,1.284897887,6.8499726733,4.6971835997,8.7859283952,35.7969124132,101.9478179068,-73.2683888753,181.3026703747,142.4690466618,44.23044508,-121.147825711,36.8507064182,8.1
54,635.9041,0.0198391854483096,0.0003581083059761,640.2547,0.0165271487326395,0.0002082772655857,646.3607,0.0327227969353731,0.0001843275094035,180.16129155317745,18.58215025901992,0.0001131411853306,34.4,34.4,52.0,-16.856950274,52.7645645353,-18.5297311651,55.2766042541,147.1842741935,10.9184835274,425.4510483871,125.2403415362,236.6314516129,74.7154839578,-1.766e-07,2.7364e-06,-4.36e-08,2.295e-07,-2.974e-07,1.5569e-06,31.561119693,121.0472917374,29.8513411502,9.1334572515,-0.3759950007,4.9445206665,1.1130709619,6.809511256,5.0983226365,8.8016639848,33.6632987005,103.2553276725,-104.7632193225,187.6902293148,133.0501173805,59.1524691265,-113.7147982822,48.3184757493,8.1
55,638.307,0.0260738605953842,0.0001158954036991,638.8573,0.012545818083653,9.170593472172098e-05,642.842,0.0370700083092193,0.0001607874693281,170.0757645115455,17.471455647374828,0.0001008552704163,34.4,34.4,52.0,-16.5465522764,50.9791397809,-15.656882892,48.9961105314,159.8334883721,14.1063320573,356.3197674419,82.7032524736,183.8972093023,63.0216828809,-8.94e-08,2.7355e-06,1.767e-07,1.145e-07,-1.3e-07,1.4833e-06,50.4522978586,139.8307749226,29.6694982466,9.978756136,-0.5303942963,5.6168977158,0.3743644581,7.6193320551,4.4976717169,9.7126940257,41.5117685694,121.7155272282,-61.6214775832,195.8915968109,122.7973862966,31.2702009562,-113.4479693095,27.6195958009,8.1
56,640.9721,0.024998438805434,0.0002695311810724,637.6864,0.0118579157613313,5.717405101472424e-05,638.9214,0.0408048793362452,0.000134973284874,162.888893975127,16.231577704378036,7.186870536418505e-05,34.4,34.4,52.0,-18.1891221639,58.203981706,-17.3238226728,56.8698496127,195.5008333333,21.0280835069,469.7336666667,110.48080739,240.62675,62.362031159,-2.218e-07,2.6344e-06,4.04e-08,2.93e-07,-7.76e-08,1.2823e-06,34.9558188889,149.1377845037,29.9999930127,10.2356823275,-0.9221820671,5.7648874598,-0.2818934779,7.930576296,4.4403143466,10.0476817987,31.675389134,124.6652559729,-59.5716193401,193.0095784918,136.5294891357,24.9375774272,-120.6022494506,20.7392443828,8.39
57,642.9431,0.0121788205372874,0.00082559410702,636.3806,0.0148892195425578,0.0002014872455372,634.6638,0.0438604921100543,0.0001059725008802,158.58182012383637,15.001441772430002,4.307073851290616e-05,34.4,34.4,52.0,-21.639535935,64.0912486178,-22.160940919,63.3272448693,170.2219565217,21.1546638521,508.1352173913,60.6742218645,227.0302173913,84.0741575606,1.331e-07,2.2413e-06,-6.43e-07,8.637e-07,1.179e-07,1.0417e-06,38.3410382699,146.0176596866,30.4855766454,10.3980014802,-1.5154434524,5.7414306553,-1.0302852932,8.0838681938,4.2799272473,10.1172483319,33.0294989623,126.1225188569,-74.9659377758,171.8108256102,139.8561175277,36.3436533466,-117.8277056624,28.0264991113,8.39
58,642.8608,0.0141453364224727,0.0012682831900812,634.5736,0.0213868833508573,0.0003245908584124,630.1417,0.04614706315331,7.292447406105495e-05,152.28571047101786,15.30255822821952,6.296109652818515e-05,34.4,34.4,52.0,-23.3231524971,70.470513373,-22.5566388617,67.6370313415,137.4734567901,17.8357383744,460.4211111111,95.4940735024,260.989382716,123.8226010139,8.044e-07,1.7109e-06,-8.237e-07,8.466e-07,3.576e-07,9.615e-07,-3.0795837713,125.9083730796,29.3966026956,10.3610506306,-3.0028130648,5.5766527028,-3.0660104111,8.0029781325,2.7926854893,10.1023585474,-4.4787412169,113.7228750165,-54.1751589399,145.7534148335,139.136599633,47.3552283493,-125.4408607893,37.6441228491,8.39
59,639.6538,0.0468914396147096,0.0012726745688618,631.9596,0.0304817931882085,0.0004018667468896,625.4376,0.0475569036276331,3.5350753573158435e-05,143.67857510707145,15.487441650105476,8.607135363946389e-05,34.4,34.4,52.0,-8.1401165063,56.2167090867,-10.6421519441,59.8595860184,125.2408653846,33.4529857559,374.3227884615,109.1023630804,249.5863461538,121.2673713334,1.2545e-06,1.5155e-06,-3.545e-07,4.141e-07,6.351e-07,9.8e-07,-23.3111511342,101.3546483898,27.4973821556,9.9758312385,-4.3605990788,5.1218612554,-5.3728544871,7.6144691324,0.5723683452,9.857824683,-23.5153002844,92.6668424529,-37.976834402,140.6366986302,163.4878775899,30.8676543278,-141.4887200798,27.1014272512,8.39
60,633.3092,0.0745653532075939,0.0008427739468589,628.3467,0.040871954974752,0.0004212631371744,620.6457,0.0479773328122,1.2013647812686446e-05,138.76667404173335,15.157364484234249,4.91190106533812e-05,43.6,34.6,54.0,-7.9423757695,54.490915188,-6.4169455347,52.4639847037,113.1027083333,28.342380681,354.7027083333,151.8577226282,294.7916666667,144.4875958824,1.3824e-06,1.4518e-06,2.1e-08,1.284e-07,6.758e-07,9.154e-07,-7.8165176438,106.2108253253,27.9982567331,9.9444290707,-4.0864476858,5.0393015893,-5.5234436134,7.6187242056,0.5941922979,9.6250432667,-8.2785111039,100.6807185613,-28.7729052624,139.348313175,156.42399399,48.5086679333,-140.4910312504,41.463863288,8.39
61,624.8786,0.0885744572533878,0.0002282485471824,623.6866,0.0510642222052639,0.0003802990443518,615.8705,0.0473084706912669,5.19214706303564e-05,131.96667327883333,15.76067278643182,6.800000762900021e-05,43.6,34.6,54.0,1.9067822873,49.3453132176,2.3848776931,48.8202435392,109.3677358491,10.4454014693,364.2012264151,156.9449718712,334.6152830189,166.9418915016,1.3844e-06,1.391e-06,3.108e-07,1.944e-07,8.214e-07,8.21e-07,-22.7767351679,95.8964570543,26.8047993295,9.4135798208,-4.8018869304,4.5096424914,-6.9155942988,7.1285518099,-0.7800895118,9.2158292287,-27.7919675702,88.2577535514,-2.375624976,136.063832484,157.9913431142,51.4165822934,-147.9477269061,41.2575010507,8.39
62,615.9556,0.0860580875486426,0.0004430305729117,618.0812,0.0595963941723443,0.0002844231537974,611.2253,0.0454817189247315,9.905883337404532e-05,127.16363997025456,14.513651243348056,4.803033308578758e-05,43.6,34.6,54.0,4.0818892302,53.7434107874,3.6313450834,54.3169425079,116.8212087912,10.3206318312,320.6653846154,128.2967462977,279.4617582418,133.0942201467,1.1051e-06,1.3525e-06,4.114e-07,2.436e-07,9.823e-07,6.92e-07,-31.2587640907,86.1551887923,27.0327929787,8.7607244678,-5.1807013707,3.9379179746,-7.2942439524,6.5876056158,-0.8340152949,8.5441864367,-30.3573292421,78.4452876658,-27.6308966315,137.0247703159,157.3371707637,44.3545059083,-153.0413872324,38.0937539359,7.61
63,608.1176,0.0696716445652377,0.0008511481301719,611.769,0.0652146683668498,0.0001451292011901,606.8277,0.0424764444910323,0.0001457490522278,124.24999727519643,12.739490943832145,2.91364269505813e-05,43.6,34.6,54.0,-3.2712390367,67.4936415941,-2.3654421365,66.5429474385,123.79475,20.179891289,369.279,182.9742760786,241.797625,121.2170361402,8.12e-07,1.3015e-06,2.427e-07,1.507e-07,8.566e-07,6.363e-07,-57.3020459935,64.7683330602,26.815534296,8.1255733488,-5.9256478002,3.3786624284,-7.9642238746,6.0411414983,-1.3590557379,7.9701759812,-56.733431502,59.1473351732,-29.0464333816,132.4010483952,153.7196382176,51.8142496454,-143.9946364381,49.043013819,6.2
64,602.3631,0.0477034034258825,0.000819236234956,605.0968,0.0670002754517404,4.7192241505093415e-05,602.7941,0.0383329649865619,0.0001893495032722,114.38181374292728,9.811847918662629,9.868183532269162e-05,43.6,34.6,54.0,-16.1647736221,82.8781868564,-13.5326153129,81.9404824614,173.4641935484,55.5355292713,545.2790322581,251.7259160002,298.6946774194,118.0172564435,6.829e-07,1.1609e-06,9.49e-08,8.55e-08,6.552e-07,5.589e-07,-24.3453435572,95.3970849078,28.860689267,9.1244314398,-4.3952875858,4.3501663577,-6.2337672074,7.0998627447,0.5124228739,8.9223107645,-26.1671710395,86.2485314276,-32.1140706164,137.9890644311,202.3404566821,79.9581519722,-133.6494487244,115.106244861,8.18
65,598.608,0.0320816628559317,0.0003191773350902,598.4814,0.0644364214645754,0.0002012398779552,599.2334,0.0331599083739954,0.0002270690485454,111.44681419219148,9.749645794335509,2.9349995507357975e-05,43.6,34.6,54.0,-41.6567079922,96.9175496744,-40.0602798903,95.5909070477,215.87375,61.8102012422,807.88875,337.0059885943,546.17875,194.7356964005,6.374e-07,1.0675e-06,9.48e-08,9.63e-08,5.815e-07,5.34e-07,25.3995163678,108.5480811524,32.2231725357,9.6081474181,-1.6480751936,4.7897567839,-3.0896728123,7.6199770119,3.6973663464,9.3986698865,23.1793878071,103.0931645755,-57.071370963,147.0536299941,165.3836133436,101.9946328714,-128.2438630789,124.1025936917,8.18
66,595.6303,0.0317434990480098,0.0003410772932409,592.3687,0.0574190885548245,0.0003755098262572,596.2395,0.0271348033118734,0.0002562421452488,110.86792092947168,8.624313561915306,5.788932627198012e-06,47.9,41.9,55.0,-32.6157896213,92.7602841628,-28.8923017856,90.6276231695,203.5944615385,62.2418396512,758.7601538462,353.8572849023,666.216,307.9049679805,6.332e-07,1.1614e-06,1.294e-07,1.979e-07,5.475e-07,5.64e-07,27.7543352345,104.3573753276,32.3098904858,9.1404467125,-1.0941652216,4.3439019412,-2.6966334735,7.142188736,3.7361747894,8.9217811823,22.8802116227,99.9252511594,-51.4972414239,146.8638295231,147.1338977368,90.8420473449,-113.96574176,110.4839986683,8.18
67,591.8353,0.0449880531977727,0.0006597425748264,587.1927,0.0462414363102017,0.0005294264731672,593.8851,0.0204982595084857,0.0002745547223252,105.27778215748148,5.372825865645315,5.5901387719901885e-05,47.9,41.9,55.0,-23.5093654275,75.0531758508,-28.5581911653,78.1407356531,180.2198947368,41.9988668142,666.6536842105,228.2767026915,531.4531914894,284.2789168143,5.045e-07,1.3417e-06,1.135e-07,1.652e-07,4.551e-07,6.846e-07,18.9190489581,89.8459683256,32.0290182659,7.6358480966,-0.9515478781,3.1892943528,-2.6660738036,5.7111487815,3.4419163903,7.5412121852,24.2428366741,80.0743066405,-59.4517654734,149.0011051422,147.0807383517,85.2166536882,-121.7689826463,114.6881720986,8.18
68,586.4528,0.0595585805341633,0.0003841048708444,583.3367,0.0315925716518403,0.0006468380049367,592.2159,0.0135431356925852,0.0002802234444131,105.26152883675384,5.404491191633653,1.6253320727646629e-07,47.9,41.9,55.0,-17.2472381263,71.1591480559,-20.5916418062,75.6655367527,193.200212766,35.1385784228,888.0855319149,421.5466578139,349.81,90.6639338554,4.288e-07,1.4718e-06,1.426e-07,1.117e-07,3.55e-07,7.825e-07,0.9900834107,90.7999626671,30.4726373226,7.5147109162,-1.6139204088,3.1002259816,-3.6506641952,5.4686679413,1.9710970263,7.3461059863,-0.6346608708,86.9249050557,-47.5899824058,161.0656294182,161.5157852993,95.0281764544,-141.0903898926,95.3929244796,7.78
69,580.1516,0.061889799334603,0.0003158495255569,581.0927,0.0145683137425093,0.0007117148320105,591.2459,0.0065990741071513,0.00027220229692,105.01667149875,3.5846499758670767,2.448573380038344e-06,47.9,41.9,55.0,-16.1168656488,69.8789951143,-14.6035259776,68.9637024048,215.3266666667,27.787329683,972.0023232323,386.3677350825,308.6578787879,65.7292143167,4.332e-07,1.4783e-06,1.872e-07,1.146e-07,2.666e-07,7.768e-07,6.7930591452,102.6409816121,30.8183122489,7.3354594715,-0.9950723081,3.3186582505,-2.9653022477,5.3558489695,2.3738488554,7.1590443947,12.3152499027,96.288428663,-40.5509509575,161.8912388926,137.3309599703,72.4398875312,-125.557457317,70.9851212371,7.73
70,574.6248,0.0453416792395534,0.0010890636486946,580.6215,0.0051483326345884,0.0007114643498031,590.955,0.0015915275900217,0.0002504379723609,108.43636363643635,4.607364177177675,3.419692137686351e-05,47.9,41.9,55.0,-20.7534241719,71.4565056442,-27.1740053701,76.776297449,189.8587962963,18.0781200226,917.5219444444,327.9724553375,304.5081481481,112.0749113825,3.7e-07,1.4638e-06,2.052e-07,1.277e-07,2.716e-07,7.511e-07,20.896077385,119.4492246963,30.5265579486,8.1839430582,-0.8667546923,4.1490172428,-2.7897139487,6.1073590321,2.2033169323,7.9480108507,14.0554384365,114.5035354152,-29.6136589723,161.5968542706,168.7156440551,84.5937103686,-152.5106928808,85.1591516293,7.73
71,571.8067,0.0135014536910133,0.0017270691178374,581.922,0.020499566939862,0.0006405573503695,591.289,0.0058870320678832,0.0002160614078944,109.09999910990668,6.69253375503291,6.636354734703142e-06,46.6,41.8,54.0,-26.7674815962,76.6039098063,-22.5872042814,73.9168448449,186.9889247312,17.8548764137,916.3046236559,380.7433622705,583.9570967742,182.5564460334,2.628e-07,1.4107e-06,2.259e-07,1.279e-07,2.213e-07,7.139e-07,27.1034343116,111.9655836143,30.8556556628,7.7220087848,-0.4294607723,4.1455220645,-2.0895497619,5.7578784175,2.6509732013,7.6076683796,29.2858660378,108.4779496139,-26.4421550673,146.6279349557,147.8971374668,78.1178212675,-118.9415822175,100.7569454189,7.73
72,573.2696,0.0367501300704708,0.0019913080721408,584.8173,0.035089867825894,0.0005026627058679,592.1622,0.0108044371765313,0.0001714343742447,99.92307105435076,8.389200239350936,9.176928055555909e-05,46.6,41.8,54.0,-7.4817814089,70.3037508965,-10.3664870126,73.566816714,205.3435714286,24.8422108282,758.9955555556,230.1974493865,627.9175396825,189.6828969651,3.584e-07,1.381e-06,1.593e-07,1.509e-07,2.606e-07,6.462e-07,15.3892245269,115.1945654428,28.8300560037,7.9080897291,-1.5361377685,4.2482934574,-3.3009149382,5.8680119904,0.8642373935,7.7474949945,11.3342270407,112.9454489096,-11.8541092725,148.0828443756,182.0673010317,98.4571257458,-161.1928938807,116.7440631662,8.0
73,579.6534,0.0843668015650121,0.0016850042782587,588.9639,0.0455978747428151,0.0003118989920057,593.4632,0.0145220761428011,0.0001200733979283,77.96874767540781,14.01446485356421,0.0002195432337894,46.6,41.8,54.0,-10.2407508603,71.1270454282,-9.3598370403,72.0449090514,188.7080645161,15.5665617994,496.7572580645,96.779449526,287.6888709677,79.5001282735,2.974e-07,1.3679e-06,7.2e-08,1.35e-07,2.396e-07,6.351e-07,-9.339454831,105.5807713655,28.4600885105,6.7765499015,-2.3084570642,3.4360102911,-3.5215393014,4.8186229758,0.5738241048,6.6289343419,-2.8346057939,90.5379752213,-50.6041266251,149.8173108344,175.365819931,116.9522469024,-137.9269010795,102.762819254,8.0
74,590.1913,0.1175813101039241,0.0008016955817311,593.8875,0.050955622090096,9.433375333942016e-05,595.0642,0.0169201030162482,6.643150676557589e-05,75.90624928474688,17.385088505869934,2.062498390660944e-05,46.6,41.8,54.0,-24.0696798935,76.0453721092,-27.2276895604,78.7421517306,173.5517021277,19.07180807,427.0812765957,102.8693065924,258.2320212766,91.1794346281,2.9e-08,1.4013e-06,1.26e-08,7.63e-08,1.218e-07,6.711e-07,-12.1965859875,90.9823588516,28.545418001,6.8543324812,-2.6333916216,3.5108174042,-3.2136589551,4.858407867,0.8064244989,6.7130159301,-13.8521990629,91.5122266246,-63.8921595716,168.6791826968,183.6190662384,105.4339146965,-130.6710262894,108.8621511183,8.0
75,602.6993,0.1242254182547812,0.0004560600677982,599.0425,0.0507888565804681,0.0001243376240476,596.8316,0.0179971281591611,1.6944770489263278e-05,94.47762719908955,11.214808944925323,0.0001857137791434,46.9,41.0,53.0,-19.3723521126,64.3746741716,-16.8868341182,61.4915876619,164.8486614173,43.1077781016,422.2644094488,156.3549704779,281.9764566929,103.3153802495,1.596e-07,1.4167e-06,-5.12e-08,4.24e-08,1.319e-07,6.496e-07,23.2649269302,130.2301931323,29.648530426,7.3385439622,-1.1529080079,4.3636042552,-1.5071445322,5.5415347699,2.1432608699,7.1803071036,25.5465201796,120.7684697972,-39.7062449265,167.9575884425,208.5960166114,162.0686936856,-154.9487052811,151.3182343942,8.0
76,614.1733,0.1003572082922217,0.0015531848399156,603.8902,0.0455337492683715,0.0003058544200419,598.6385,0.0178782512068959,2.7663399595831555e-05,107.43548005626452,10.729248221017135,0.0001295785285717,46.9,41.0,53.0,-23.8793426287,63.2380903079,-29.1153440313,69.1620653537,183.06875,50.7901195473,554.8372115385,292.511365185,376.9006730769,52.3532714661,-5.49e-08,1.4798e-06,-1.5e-07,8.1e-08,-7.15e-08,6.635e-07,48.7546559985,135.507372379,31.0916084953,8.1030293532,-0.2585520365,4.8248898698,0.0490211847,6.2095280595,3.6988960408,7.9197941847,45.4583890024,126.0494487597,-66.1270658099,169.5098872553,180.3377516211,139.5801275211,-156.8797237582,135.3196585504,8.0
77,621.8195,0.0533778160716268,0.0021403639427945,607.9795,0.03640280574366,0.0004242455771832,600.3774,0.0168093883365467,5.859823465356169e-05,112.77777765671428,10.8619669026956,5.342297600449755e-05,46.9,41.0,53.0,-17.8727684371,65.0145110107,-15.0244817171,59.8449098512,219.7573148148,39.231514392,887.2463888889,285.0069864623,479.9448148148,194.3047215953,-8.26e-08,1.6584e-06,-2.855e-07,1.468e-07,-1.5e-07,7.535e-07,25.0964766358,108.6050552367,30.5295412951,8.4615592161,-0.9013993442,4.7116013697,-0.1557257277,6.3931970604,3.4555937514,8.3514364437,21.8470075991,100.959789757,-76.2494374911,167.5780743299,176.4246222714,104.1357689928,-165.0222146827,106.0207046542,7.7
78,624.1977,0.0123785346519536,0.0019160987497982,611.0161,0.0251907966635398,0.0004627645711343,601.9714,0.0151376073339936,7.3881671564417e-05,114.70149071535224,11.771476401838305,1.923713058637963e-05,46.9,41.0,53.0,-14.9782803914,67.6198750926,-17.227823102,70.6971792036,234.39375,27.352824658,1259.1493333333,316.5968635629,637.6405,201.9991765695,6.95e-08,1.9434e-06,-3.895e-07,2.214e-07,2.89e-08,9.61e-07,23.0822745992,110.3984878257,29.7946852207,8.9173091525,-1.3803935377,5.0902804557,-0.4215413047,6.8139786918,2.8395082958,8.6517457742,19.2064624357,107.0955750794,-55.2531376171,161.987027988,166.279888312,94.3179216643,-162.807554351,95.2613037183,7.7
79,621.8513,0.038303482577259,0.0010482692654938,612.9039,0.0139467709651394,0.0004196385625863,603.3824,0.0132792533039383,7.158242958142426e-05,119.56141675989473,12.810379843321764,4.8599260445424816e-05,46.9,41.0,53.0,-24.6612887582,73.7774347551,-25.3236257934,71.6513507428,173.3875342466,39.2148767473,972.5110958904,293.6268371173,518.9960273973,73.7498811095,-2.706e-07,2.2672e-06,-3.943e-07,2.162e-07,-3.83e-08,1.2302e-06,31.2505151886,91.1610506928,31.6235870882,7.7950256932,-0.2282870489,4.3830111663,1.3592478633,5.9307936261,5.0397042742,7.6795640905,33.4121107855,81.2671661003,-74.8118816898,157.285385947,157.3829741759,103.4881823815,-143.6153491151,103.8250431164,8.3
80,616.8984,0.0528244747668633,0.0002312878807022,613.7494,0.0045932877322517,0.0003078529252883,604.6162,0.011680384407896,5.1430946334135966e-05,116.01587180487304,13.04873504130946,3.5455449550216706e-05,45.1,39.4,52.0,-20.7699332013,66.6048599017,-17.0515860933,63.3501525397,146.1121568627,35.4387717949,629.2339215686,299.7204911121,380.8426470588,124.4275877055,-1.2e-07,2.6361e-06,-1.58e-07,2.196e-07,-7.27e-08,1.4605e-06,39.6755971149,113.6339635758,30.3507266394,8.96142798,-0.633557606,5.4574862362,0.8496022888,7.0598738958,3.9598203311,8.724401716,33.3052700293,110.1419989243,-55.4031969551,159.9771992246,155.4119811872,117.2147652473,-153.1746200701,113.1876636078,8.3
81,611.8254,0.045020207862485,0.0006453534457002,613.8297,0.0015638338817274,0.0001512393265624,605.7231,0.0107752955289981,1.626050688008774e-05,112.6307653574,13.742212543188565,3.385106447473057e-05,45.1,39.4,52.0,-6.529041219,65.8906879244,-8.1078469675,68.9592194766,135.0607407407,33.5274114415,325.3797222222,76.7705697789,224.7,62.3221532755,-1.129e-07,2.8303e-06,6.4e-08,2.083e-07,-4.27e-08,1.4971e-06,23.9854169811,116.7852793599,29.4423743884,8.7482606142,-0.9136883008,5.4406704819,0.4906612277,6.9433468003,3.5149006669,8.5763761762,21.7935348331,106.6759397531,-39.2566116546,160.2317651113,158.6877796273,119.9769065885,-160.6214212618,117.465146393,8.3
82,608.3138,0.0259467228782635,0.0008198535974581,613.5334,0.0032477366782955,4.590140125244241e-05,606.7944,0.0109479540120853,3.5597349632809864e-05,107.28571428573652,14.169525086509283,5.345051071663471e-05,45.1,39.4,52.0,-10.1520718103,60.2719357235,-8.4898730639,58.6781428117,161.9125,47.0434056065,556.1481730769,327.0811839289,362.5625,215.0923129762,-2.403e-07,2.9409e-06,1.35e-07,2.26e-07,-1.12e-08,1.5024e-06,14.6473075653,99.1006909624,28.7209236542,8.30790002,-1.0654386286,5.0672423229,0.2501526502,6.5264734239,2.8842889151,8.0810721579,13.0263967276,90.8772725469,-58.119899106,152.6182470872,141.8260498047,132.1444902645,-140.9859169465,134.7581256783,8.3
83,606.8164,0.0070512219056805,0.0006407974594313,613.2888,0.0013240309028199,0.0001804164365955,607.9556,0.0124990728500966,9.574126912657267e-05,98.01563096046564,15.783193156835736,9.270083325270878e-05,45.1,39.4,52.0,-9.7968917715,53.9454532368,-6.6135069372,50.0046703615,205.2065178571,37.2111308642,914.1286607143,299.7773034345,506.5922321429,256.6933853623,-1.608e-07,2.9826e-06,9.19e-08,1.404e-07,6.48e-08,1.5231e-06,18.1752492796,100.4523207177,28.0105387341,7.7887267834,-0.87581514,4.6886907748,0.1764884133,6.0606885595,2.7921210259,7.7849049675,15.5459464957,89.4397405416,-59.1587529052,170.7708071827,154.7434840704,161.523933352,-133.3485203041,145.7309734326,8.3
84,606.914,0.0060144336998129,0.0003849046046199,613.4914,0.0051029940579463,0.0003017802012285,609.3567,0.015619907979823,0.0001608098843785,84.46268428972836,20.64650923559365,0.0001355294667073,44.6,38.9,49.0,-21.6867291803,48.7889337032,-20.6392379655,48.1662114951,189.7076635514,56.7797031094,674.9562616822,217.8254731614,343.6092523364,131.6909130744,-2.977e-07,2.9697e-06,2.57e-08,9.61e-08,-7.11e-08,1.4867e-06,40.3983444311,109.9742687925,28.6092053468,7.7092688511,0.3271710896,4.8004272935,1.2338720959,6.0714191939,3.4163016271,7.3386918757,35.6682941739,95.9981666869,-76.0750817303,171.284796439,156.843744899,118.9754645208,-147.5043225399,119.9747311504,8.3
85,607.9885,0.0139053610245241,0.0002691224337501,614.443,0.0135173557956769,0.0003679145623055,611.1597,0.020373352541867,0.0002253706907849,78.82608579553478,19.959353665434,5.636598494193582e-05,44.6,38.9,49.0,-10.6910570597,51.4464538902,-10.0308812919,50.218253057,147.924017094,19.6133317671,316.0811965812,114.5181400863,167.2744444444,46.0358291613,-1.319e-07,2.871e-06,-1.025e-07,2.104e-07,-1.647e-07,1.4067e-06,41.7039818715,118.5737169104,28.4000728065,8.2207537362,1.1096155928,5.4171826557,1.6988548504,6.6249528583,3.8464242409,8.1741501578,37.582134401,102.097895472,-70.5070016165,174.7950665133,164.4561436569,128.8874836629,-156.7127380854,133.5647431225,8.3
86,609.7589,0.0213962404159264,0.0003775131267379,616.3082,0.0228815299833251,0.0003710429636644,613.5256,0.026682745269293,0.0002837158033091,80.62856799535858,19.791891728245616,1.8024821998238044e-05,44.6,38.9,49.0,-8.2784009913,49.000321616,-7.11171428,48.9667055447,142.0935820896,13.7400815463,327.1839552239,86.9473692325,108.0376865672,40.3286988646,1.948e-07,2.7616e-06,-2.067e-07,2.988e-07,-1.073e-07,1.3653e-06,75.1471072552,161.0631852281,28.4923178723,9.4497449763,2.0749670192,6.7200421108,2.390665835,7.8852298126,3.9963983911,9.0120111403,67.4531109458,140.5266435154,-20.8014181815,149.124351354,172.3098679395,155.1939723445,-161.3919029404,148.7328199563,8.3
87,612.4903,0.0337309920851638,0.0006516179416339,619.095,0.0316296261977978,0.0003139256227077,616.5996,0.0343284346838936,0.0003301646380734,77.87879741556516,24.572409462630382,2.74977057979342e-05,44.6,38.9,49.0,-13.2766832118,53.2665425665,-10.5421917241,49.9946169862,128.4624107143,10.4605319659,308.9591071429,74.7568395886,135.9144642857,44.4086418118,-2.61e-08,2.6922e-06,-3.95e-07,4.674e-07,-1.573e-07,1.3412e-06,51.3890526049,150.1278064603,28.3598499463,9.3533102831,2.213215281,6.6681643276,2.5233743477,7.7998983476,4.3004228854,9.2284202659,44.4542662044,131.1724784632,-45.2529918736,166.2943154979,154.2158924776,141.6905489231,-140.4544481867,154.1791645348,6.8
88,616.8479,0.0530527841158781,0.0008871062834752,622.6618,0.0383803750469287,0.0002093778558001,620.4973,0.0429516295604265,0.0003593399846036,84.85915552059014,26.07102675687804,6.980358105024967e-05,44.6,38.9,49.0,-14.6140543096,49.7415044407,-13.2435848908,49.2546501269,140.712519084,9.7100261667,297.2054961832,46.5175309515,173.5455725191,51.2880546508,3.534e-07,2.6253e-06,-4.642e-07,5.403e-07,7.76e-08,1.3418e-06,40.768386585,154.2557808998,26.8158101368,9.4731936374,1.4899779367,6.8524044451,1.5752569892,7.9486262519,3.0472753854,9.2425639193,32.0697189951,134.4504160722,-15.5034771871,156.5647563989,169.6401062535,161.4912808234,-163.3423387368,163.9025783663,8.23
89,623.3888,0.0750265850347888,0.0007814957454168,626.7496,0.0421706997517062,7.850903312047276e-05,625.2912,0.0520648403947536,0.0003664193088057,109.21918100856163,19.380297208294635,0.0002436002548797,44.6,38.9,49.0,-14.9312474421,44.9802644366,-14.243804848,44.4347693479,137.7840145985,6.2179730614,296.9999270073,61.5825886439,173.0167883212,39.7408534752,5.594e-07,2.6314e-06,-4.342e-07,5.233e-07,1.451e-07,1.4132e-06,60.0157210701,163.2030444538,26.6422206055,9.3441907313,1.7846109857,6.8072038353,1.7899236216,7.8551042424,2.8757763755,8.7897401411,59.5977267298,148.1661482751,-0.4905681624,151.4054676516,198.2602576912,175.3755658802,-164.2625479773,172.6837841142,8.23
90,631.8327,0.0888274078605956,0.0002471842654055,631.0336,0.0426373288871113,5.263447523406969e-05,630.9985,0.0610685468339049,0.000347384337355,135.4782651817826,18.03588558822744,0.0002625908417322,45.7,38.8,48.0,-14.4134615556,53.8121814502,-14.369015419,54.9728404074,142.2717171717,10.3261738678,292.7243434343,67.4192760429,155.9674747475,32.1621650907,-1.575e-07,2.8583e-06,-3.57e-07,4.444e-07,-3.283e-07,1.6411e-06,35.6444834434,97.9799816554,27.1706320831,7.6045290127,2.0986163273,5.1939291302,2.3506653528,6.1872004173,4.0538239568,7.5073594232,37.0238828067,88.1641622004,-80.8037020662,163.3279455009,163.5488292096,141.7273028004,-144.4131418771,145.1971513188,8.23
91,640.7453,0.0848609110441879,0.000579500950091,635.1915,0.040129544766072,0.0001516694940116,637.5715,0.0692739407813716,0.0002992425937558,149.26867436655223,15.486711855128704,0.0001379040918476,45.7,38.8,48.0,-3.9777372155,49.4191121397,-2.5059305772,46.8694333531,176.1262711864,37.9138565921,433.6392372881,158.1941081054,181.0620338983,67.1307629797,5e-08,2.8921e-06,3.67e-08,2.247e-07,-2.068e-07,1.6519e-06,63.0543693005,130.984482211,26.1168359477,7.999953229,1.8245288981,5.6997886008,1.955854658,6.6611957069,3.0822472161,7.6518273362,54.5825146313,110.4090730149,-46.6464355706,148.6460546711,157.7106638308,128.8718515447,-140.735495273,129.6015757042,8.23
92,648.2403,0.0639736897676162,0.0010597893091643,638.9758,0.0357041279735755,0.0001959440653952,644.8896,0.0759302192857064,0.00022015790025,160.42028410536233,15.613449793542928,0.0001115160973881,45.7,38.8,48.0,2.5856910881,48.54305947,5.3724810153,46.3695955448,183.4177777778,36.5342664525,421.5334920635,94.018549574,223.59848,50.1814036162,4.294e-07,2.5339e-06,2.343e-07,1.887e-07,1.146e-07,1.3218e-06,26.2395476201,130.8715170608,24.687823838,8.4879090876,0.9032733779,6.2005747691,1.0252381137,7.1691091102,2.1975517146,8.3411866158,26.2118112757,115.3427319959,-28.3735522972,141.986071212,180.1144497364,133.2657072705,-179.59192276,132.7365312888,8.23
93,653.1409,0.0369904735416117,0.001004228687537,642.2772,0.0309520743206658,0.0001693533986404,652.7549,0.0802546013499131,0.0001095571215185,172.15153410940908,13.683921642310564,0.0001173125000404,45.7,38.8,48.0,-8.6137408548,55.0768777737,-10.7119336749,58.5794586356,160.7128235294,17.0674411475,439.6932941176,99.7357907366,289.2228235294,50.3959645119,1.73e-07,2.1951e-06,1.995e-07,1.865e-07,1.582e-07,1.0102e-06,53.1838597478,134.8083986959,25.1165670147,8.5164251795,1.4065341352,6.2993930018,1.7354199921,7.2472901572,2.7365570044,8.2304795715,42.4185332826,118.1972713095,-31.2609893946,122.8757633817,153.3866556712,106.408340584,-150.827938534,118.0282840008,8.23
94,655.5748,0.0167525449528593,0.0005191318959222,645.1624,0.0276820463408986,7.1530359320654e-05,660.8911,0.0814657597616046,4.5345067441785176e-05,180.1492530480597,13.709410410972485,7.997718938650616e-05,45.7,38.8,48.0,-14.5890942929,50.2346995716,-12.798466859,48.35783213,204.5854166667,44.6487497006,902.0896875,419.1268980309,489.4010416667,292.3655166072,4.54e-07,1.934e-06,-2.8e-09,1.83e-07,4.141e-07,8.611e-07,25.1649983109,119.0168906732,23.7996069202,7.9797694048,0.4754084445,5.8243140161,0.9199484923,6.7677854574,1.9529498023,7.8349516508,21.123179403,106.585680516,-33.3525433013,119.9235378864,162.6593056135,95.690857287,-150.6967395454,111.6695121082,8.23
95,656.7195,0.0104452967297158,0.0001323195201897,647.8742,0.0275299600393631,8.17562632163851e-05,668.9453,0.0788224461144087,0.0002010394536822,187.21211589466668,15.633603260793487,7.062862846606982e-05,45.7,38.8,48.0,-6.7421008902,58.4317800902,-6.167795314,57.6969543595,208.2403809524,58.7882595653,1196.2019047619,628.6342169862,675.3516346154,403.6216979904,7.381e-07,1.7497e-06,-1.688e-07,3.145e-07,7.044e-07,7.997e-07,0.2507902501,91.678803415,22.2154348561,6.9462681809,-0.5747232353,4.8939696292,-0.0634527316,5.8234893509,0.6614850912,6.7907849525,1.5968501783,86.190067586,-31.5220428651,123.6748983165,155.8282007194,106.7448984335,-149.2080210146,105.2713665583,8.2
96,657.9693,0.0160503581222671,0.0003663195440932,650.7929,0.031563637076403,0.0002596966851332,676.4946,0.0716681959341291,0.0003940201025526,202.96551592594827,23.39685321215784,0.0001575340003128,38.9,38.9,42.0,-29.6538757614,69.3701791065,-28.733656414,69.1288152297,152.1553703704,29.2982332746,801.5144444444,406.427090713,495.4361111111,229.6911475214,8.529e-07,1.4604e-06,-3.337e-07,4.138e-07,4.78e-07,3.3034e-06,18.1621589803,86.6315406256,23.1076276895,6.3047982517,0.3831053452,4.3735131341,1.2221662836,5.2917636063,2.0382451123,6.2167180953,17.2942527722,80.6523985324,-25.2231288086,93.0712566092,149.4258309285,110.9386991193,-138.6502862195,105.3978772994,8.79
97,660.0976,0.0253169703890793,0.0003147534908123,654.3591,0.0399501914324281,0.0004206431851084,683.0572,0.0594818975408022,0.0006040382562875,220.5686418122549,35.30998299515891,0.000176031258863,38.9,38.9,42.0,-45.7800167973,73.9752324083,-48.6120120687,74.076682596,129.8665625,10.4915476722,355.490625,141.6948002958,253.176875,78.6994266354,1.1345e-06,1.1811e-06,-8.44e-08,2.453e-07,1.008e-07,5.1197e-06,15.4915918759,80.9845765303,21.9971849203,5.5297542095,-0.0073809761,3.7703069879,0.9504259943,4.6726757536,1.4118948078,5.4549449685,13.9231592192,74.7108169141,-16.8578447005,78.0017368571,173.5985039262,83.3142770416,-159.0104322434,82.4253223664,8.79
98,662.9866,0.0300070603700634,0.0001046133283036,658.9706,0.0517276194840154,0.0005161673658102,688.1088,0.041931851123763,0.0008223246150543,222.1044883159105,44.142283896772746,1.535846503655597e-05,38.9,38.9,42.0,-7.449958161,46.4991282516,-7.164694763,46.4618943304,134.6129032258,14.1974039411,311.7266666667,58.8355018882,203.921827957,35.9458383475,1.3649e-06,1.104e-06,2.096e-07,1.367e-07,5.093e-07,3.4674e-06,-12.2666758383,58.8482946502,19.0339506776,4.860417235,-1.6242681063,3.0899721212,-0.9721066306,4.0524156466,-1.0880454533,4.8220435345,-12.0501112115,55.3947264551,7.0353217545,66.6570745604,163.1743624137,53.3722775393,-155.7685921409,63.4454312178,8.79
99,665.8485,0.0248398170842054,0.0004665986819949,664.8612,0.0647008348134777,0.0004970140482871,691.1049,0.018929048978964,0.0010380631448832,225.09195612767817,51.51378185957408,2.9874678117677024e-05,38.9,38.9,42.0,5.9264394661,31.4625848047,6.4817496973,31.289910842,118.3637777778,21.2490543883,292.0913333333,54.1958358322,163.0516111111,51.0307651233,1.9779e-06,5.84e-07,1.205e-07,1.299e-07,1.1896e-06,8.09e-07,-39.6019432995,59.730442368,14.8002660641,4.3265661791,-3.643159021,2.842004443,-3.9487379113,3.5946574417,-4.908681954,4.2664334371,-39.1652067212,56.7221281691,67.8587960922,61.0281907723,191.6508903503,41.0595822029,-176.799826675,68.151903056,8.79
100,667.546,0.0085871402187193,0.0008986188243316,671.9788,0.0755024795358025,0.0003207447036493,691.5072,0.0104847415704571,0.0012386880512919,257.6829232936951,63.98988553350354,0.0003259096716601,36.5,36.5,39.0,0.7883550808,32.9179872687,1.2433730241,33.317767103,116.5899382716,19.6965348678,307.609691358,81.0885421982,179.8182098765,59.6231174292,1.5693e-06,9.03e-07,2.027e-07,2.191e-07,9.209e-07,1.1119e-06,-16.6296874051,66.3530649787,16.7895712137,4.869659667,-2.0891241898,2.9275948696,-2.0011219639,3.840346332,-2.6796452025,4.7151120504,-16.6616668478,64.1108375016,47.0313549354,75.7012206932,178.0469375467,64.3793234604,-162.9658015629,73.9142190696,8.79
101,667.0263,0.0168607135771443,0.0010277670933228,679.8801,0.0798608431656954,0.0001172992279328,688.8157,0.0422978622945296,0.0014103905450092,308.7500181198281,68.44273543168882,0.0005106709482613,36.5,36.5,39.0,-14.3351184658,45.7783696947,-14.0242579969,46.093653446,141.69375,31.5698440083,283.3685227273,48.821938752,128.3339772727,53.0506755706,1.0285e-06,1.0121e-06,2.697e-07,1.839e-07,4.017e-07,9.244e-07,8.6319984677,65.6520220128,19.1964005836,4.3211580611,-0.309473692,2.5305366606,0.2729551985,3.3259390037,-0.0660911001,4.1192060134,8.0573264744,63.9336648986,21.9062699455,69.4840612639,161.8649302721,61.3254481217,-114.8039059049,86.7538410397,8.79
102,663.9966,0.0387883572783278,0.0005641082318026,687.6639,0.0730817395124669,0.0005871812127167,682.6025,0.0791067832717919,0.0015388667404612,340.1515371150303,69.2416211413496,0.000314015189952,36.5,36.5,39.0,-16.3031206869,44.9118757376,-16.341911257,44.8872757456,126.2172941176,25.9673906994,225.8723529412,39.7937330167,76.6524705882,23.3448357764,9.444e-07,9.939e-07,-1.31e-08,2.27e-07,1.871e-07,4.554e-07,18.6497886042,57.452337876,19.3840784469,3.9070106513,0.3477859192,2.2020305086,0.9049186157,2.927924568,0.5916281603,3.7349592591,18.1911103164,57.0382781548,22.1243062221,67.5778998675,182.438825466,50.1792674648,-132.6828131422,78.4506352735,8.79
103,659.6281,0.0411322782275282,0.0006039039116898,693.9638,0.0507193286995483,0.0012950890870984,672.5477,0.118513074825525,0.0016102924303367,348.8987469251393,73.57070477237401,8.747209810109014e-05,36.5,36.5,39.0,-5.8567329719,33.4821043502,-5.3024568596,32.8678268306,79.0128467153,12.7096460264,164.7542335766,27.4731890996,88.8372992701,15.5490472167,1.2546e-06,9.164e-07,-6.57e-08,3.36e-07,4.283e-07,4.773e-07,8.1831529843,51.2441172262,17.8820576966,4.1217698352,-0.0630849663,2.32391542,0.1059266943,3.0737680043,-0.51195779,3.8847356199,7.8582273051,52.6674665648,42.9869511084,68.7924639187,185.5959514564,51.2662900488,-161.6127645155,75.8434724915,8.79
104,656.7882,0.0150266531426323,0.0020975395132847,697.016,0.0149817573932024,0.0021028934457857,658.4739,0.1589488352567033,0.0016124981256895,374.36250724805006,72.00699609217135,0.0002546376032291,42.0,42.0,35.0,-4.1299151499,29.9464626636,-3.7928777076,30.1030254907,85.1366896552,18.5999107916,155.7982068966,35.6814284867,91.6429655172,15.4165354632,1.3368e-06,9.224e-07,-5.05e-08,2.967e-07,6.393e-07,1.0124e-06,12.2058917282,56.60241631,17.6531487126,4.0515738257,0.123612476,2.367682945,0.170460206,3.0245440658,-0.4576230427,3.8370911118,11.6998367181,55.5870892298,55.6533425931,66.5270755792,199.2154531768,58.8641153678,-187.3162415082,91.7044459824,9.6
105,659.1346,0.0557084764435236,0.0029832951167236,694.81,0.0524676948267512,0.0029184113030381,640.3766,0.1985725220362588,0.001536281503653,407.03704984698766,73.08855963805888,0.0003267454259893,42.0,42.0,35.0,-7.7059362552,29.5422572438,-7.6283489347,29.6632327879,82.2678082192,15.227631675,148.3182191781,35.1390820099,76.839109589,27.2139819251,1.3131e-06,1.0179e-06,-7.94e-08,1.514e-07,8.493e-07,1.7047e-06,15.5621464433,66.5040099154,17.6031097111,4.1010563133,0.2221028033,2.5055589344,0.2428896631,3.0981511533,-0.1898556646,3.8254049991,14.8786464314,66.0700698721,53.368252443,64.5564791979,210.0968319286,81.0509460304,-153.7586162398,107.9744451171,9.6
106,668.7514,0.1241144001174928,0.0019800737457926,685.3186,0.1337330651205397,0.003625106638235,618.4468,0.2353583266394085,0.0013767544443614,449.4789003185493,61.17622727604298,0.0004244185047156,42.0,42.0,35.0,-12.2068425678,30.3276927623,-11.7200986225,30.1998711868,81.6707692308,16.2592489473,140.8733333333,25.1537842049,105.9724786325,30.098840535,1.2492e-06,1.1208e-06,-6.17e-08,8.34e-08,7.936e-07,1.3704e-06,15.1103362751,59.1040136638,17.8486158659,3.8946955795,0.184112499,2.2445823479,0.3478114843,2.860042787,0.2214107021,3.5867321729,14.5587658066,60.4653420254,27.9625358317,67.3330863218,188.5679771507,120.6223894225,-150.6942302631,111.6066383787,9.6
107,683.04,0.1372943297030509,0.001860306482983,666.7875,0.230274719203027,0.0040961677722779,593.0833,0.2672185969356041,0.0011346124080048,478.0806609122903,55.11024148138867,0.0002860176059374,42.0,42.0,35.0,-17.2124513922,35.7997603274,-18.1043754264,37.1914539168,88.3838028169,18.4273550001,171.3366197183,27.4959412085,136.5353521127,37.0660071228,1.147e-06,1.0742e-06,-7.5e-08,1.514e-07,7.831e-07,1.1752e-06,10.881078579,48.2481358338,17.7431350507,3.0937336723,-0.2326434319,1.5180274921,0.0542747382,2.1026260597,0.4369147652,2.7967931964,12.4577745473,46.1857278544,11.5359241666,64.6849063424,186.0835087784,117.9898531029,-169.1670215188,109.7567771832,9.6
108,692.6703,0.0534441541894832,0.0078086397083933,638.0508,0.3348451561644819,0.0042150861315608,564.8907,0.2921558829935592,0.0008171858049773,483.3142909458571,53.70543339142521,5.233630033566861e-05,43.0,43.0,33.0,-6.8698379534,26.3139945259,-6.7639222195,26.1117382047,115.8325471698,31.3010640021,205.9646226415,42.3914899384,166.1726415094,45.9667235525,1.2871e-06,9.508e-07,-2.32e-07,2.206e-07,7.06e-07,7.585e-07,-10.7665961084,28.5774149548,15.7504927556,3.0737794958,-1.5155870166,1.1648355257,-1.5875777258,1.9583459857,-1.0741094735,2.8381393967,-10.9975389092,29.3660869777,24.7211577775,68.7523579929,209.4546033195,99.3157595108,-179.2233017949,124.5679068278,9.6
109,682.7686,0.2383988282528701,0.013838392489835,598.8192,0.4376259526728976,0.0039004281027851,534.6611,0.3084370851570888,0.0004390791715831,487.6626583238073,51.56870928986675,4.348367377950135e-05,43.0,43.0,33.0,-3.2328099894,17.7058879496,-2.8476704412,17.6021526871,125.3572483221,21.8222546298,286.7330872483,75.3964939005,141.9404026846,35.9075026256,1.6008e-06,9.472e-07,-2.56e-07,2.115e-07,8.058e-07,1.0506e-06,-20.9349376477,23.3572961084,14.0867271423,3.1281147369,-2.3108140284,1.0846180031,-2.8036757977,1.9749842352,-2.4413150534,2.8187747556,-21.026096283,23.487357143,49.6475397639,83.3901789592,236.7571926451,84.6827287588,-228.5878309953,99.1864148396,9.6
110,638.637,0.6221326433125326,0.0161721865123402,549.8817,0.5273874549839012,0.0031305276696832,503.3376,0.3147768765864885,0.0001092479284985,501.71766177908233,42.90772996708763,0.0001405500345527,43.0,43.0,33.0,0.1474842662,15.1817542203,0.2577748366,15.4307704166,122.1715822785,21.12568086,376.4301898734,155.6666313945,219.9901898734,72.6699410154,1.6849e-06,1.074e-06,-1.895e-07,1.505e-07,6.594e-07,6.912e-07,-22.9931043207,24.7457022996,13.8606937778,3.0937287808,-2.3917943356,1.0995977776,-2.9877558557,1.9782500154,-2.3764374661,2.7583659733,-22.1825099942,23.7298504734,47.7664173419,85.8406679391,228.5587691105,75.1518482914,-229.9914753076,79.117233218,9.6
111,554.7535,0.9927784430361624,0.0118653788749187,493.1576,0.5932189408199553,0.0019628567258598,471.9598,0.3105123109520637,0.0004051885334124,520.5081997230492,32.93740839191814,0.0001879053794396,43.0,43.0,33.0,-2.8706443692,25.034921069,-1.724160998,24.3480931284,123.7676712329,31.6250405607,359.3732876712,141.917331339,156.3776712329,103.192562365,1.2951e-06,1.3647e-06,-2.029e-07,2.331e-07,-2.86e-07,5.6107e-06,-4.9175384411,32.460856564,15.7798514552,3.4271581822,-1.3713451467,1.420517575,-1.6043412534,2.3291635021,-0.3489995074,3.1193613675,-5.7071971506,29.4766647326,16.0375846332,62.8778658137,202.0500425535,82.5311247239,-183.7453262115,89.0884811387,9.6
112,441.8195,1.182887791101611,0.0032133563331877,431.5518,0.6266079632295403,0.0005700771995541,441.5927,0.2957451375382337,0.0008101448612164,521.9710286458263,31.73348509437504,1.4628289227771596e-05,43.3,43.3,20.0,-2.940054495,20.5855615706,-2.3964584212,20.0158988627,153.5330612245,24.9224948553,429.5342857143,133.5217261538,270.4392857143,151.5107158347,1.5535e-06,1.1471e-06,-6.71e-08,2.404e-07,-8.53e-08,6.9556e-06,4.6133636317,44.7556720845,16.2477954207,3.6240005184,-0.6681224018,1.6646756853,-1.034661614,2.534781057,0.469022232,3.3141785222,4.0411732148,42.4941604133,29.2709362088,58.8319148123,206.0054090881,82.8953172068,-199.3435914611,88.1281649193,9.6
113,324.7342,1.0979521672438974,0.0091172900214811,368.6027,0.6233800180236512,0.0009349167046201,413.2455,0.2714207406678892,0.0011586360613261,506.17106427647366,43.80500974888781,0.0001579996436935,43.3,43.3,20.0,0.8436419437,19.2056002516,0.6284582593,19.6547214813,142.4776666667,43.9265831764,433.8840833333,221.1961641112,328.0463333333,215.9808203403,1.73e-06,8.412e-07,4.06e-08,1.175e-07,1.141e-06,1.1918e-06,15.5079974243,44.3395812338,16.5188945979,3.3329047486,-0.1596035863,1.5206017538,-0.6382977737,2.302011213,1.0568107846,3.0730684009,15.5342843807,40.6767735811,35.9426584281,56.5157662398,230.6330702332,94.5646103542,-219.7725590673,94.3478967071,9.6
114,229.9097,0.7916206972759134,0.0148234442989267,307.9743,0.5847393579526916,0.0022438059887729,387.7862,0.239306673792186,0.0014201406858193,495.0405570365676,51.918192077017856,0.000111305072399,43.3,43.3,20.0,4.8610148052,14.7981410888,4.6869835563,15.4276104698,86.9449557522,48.871162138,256.6743362832,175.0878972982,188.0784070796,153.2077073292,1.7324e-06,7.233e-07,4.2e-08,9.51e-08,7.426e-07,4.3596e-06,10.6031225836,34.5720481117,16.301633052,3.0151963135,-0.2432998491,1.2003761981,-0.7563370384,1.9880291852,1.1388293409,2.6995584611,10.8358883408,32.0257394694,35.9123582511,57.289873025,218.1150094668,86.5298457357,-203.3076169491,87.764281628,9.6
115,171.4366,0.4214612759217905,0.0136172052307309,252.922,0.5168820517774257,0.0032160431216285,365.8666,0.2018488172206843,0.0015724398106755,476.0795537775568,55.8454064117189,0.0001896100325901,43.3,43.3,20.0,4.5787358206,13.3757105041,5.3649335262,13.3836287321,77.4070967742,29.6178979448,211.2476129032,103.3867869581,110.2182580645,85.1986133398,1.8517e-06,6.74e-07,-1.53e-08,1.3e-07,1.181e-06,1.2024e-06,0.3068582352,28.2460199252,15.2373709679,2.7914336038,-0.754231099,1.0046054398,-1.4694898545,1.7706296344,0.4165853932,2.5004694488,0.3549782899,25.5016524348,40.5522896535,60.8678746005,239.8475484559,112.0782512386,-223.1750464583,101.865449627,9.6
116,146.5315,0.1418811433657843,0.0076844343351182,205.8668,0.429473075764801,0.0037556397807772,347.8662,0.1619222963416212,0.0016050004657361,467.2399955240133,54.252952759372725,8.839558253543488e-05,43.3,43.3,20.0,3.3464532133,19.4832906363,2.9908049439,19.7238167728,87.8624137931,28.2027470116,340.6787068966,130.1766006341,178.096637931,84.1426507531,1.7254e-06,8.503e-07,-4.48e-08,1.827e-07,9.758e-07,1.1283e-06,5.2773116255,32.5574246315,15.8861824077,2.6380102929,-0.5801226699,0.9910140727,-1.0124165824,1.6543403575,1.2473312214,2.3062996018,6.0625239189,31.2117013765,36.4968071011,54.5249382876,228.9693886114,86.0274132626,-197.7405623611,80.9865885832,9.6
117,140.7609,0.028152763763195,0.001620171826116,168.1563,0.3336589568966919,0.0038474534354978,333.8667,0.1225166707885048,0.0015206872724663,467.1898788258988,55.28066481863237,5.011669811449959e-07,42.7,42.7,12.0,3.2707148514,20.668621695,3.7147199846,19.5293031,83.4270338983,34.9600082494,398.7905084746,201.2021601202,267.4447457627,148.6124003011,1.7392e-06,1.0184e-06,-1.192e-07,1.489e-07,2.427e-07,6.0996e-06,6.0459445454,35.2803971713,15.6942083652,2.7455824515,-0.8406004368,1.0345257587,-1.1276722083,1.7553085745,1.3192364143,2.4187515546,4.3958328376,31.5858643434,26.9002436694,52.281832666,221.9745185929,52.6258672171,-208.7672025893,61.096103323,9.6
118,137.5515,0.0604418207061759,0.0033209844772081,140.0256,0.2401445386127806,0.0035461518170887,323.6591,0.0863967794066294,0.0013358406946954,479.1486647323649,50.504664581667576,0.0001195878590646,42.7,42.7,12.0,-0.9617126312,18.5401594972,-1.1427957514,19.2892700809,59.8824324324,24.484860011,220.1745045045,141.8325296792,168.5286486486,102.3522301696,1.7632e-06,1.1224e-06,-1.074e-07,1.359e-07,5.01e-08,6.9453e-06,4.5441128772,28.0690928999,15.5151954986,2.6541070984,-1.0431064152,0.938840303,-1.1816115041,1.691432695,1.4130922181,2.3462205011,5.6895375864,25.6980619657,22.8323457127,52.7464016478,207.1074681091,39.5196500866,-199.917717743,51.7436913,9.6
119,126.4457,0.1546656523004322,0.0035973963558479,120.7317,0.1576645841698254,0.0029558015747762,316.7839,0.055779737942239,0.0010787497459878,493.985930107,44.79735040674332,0.0001483726537463,42.7,42.7,12.0,0.0162841736,20.2288863812,0.074112805,20.4662019232,52.5369892473,7.7222290204,107.9037634409,36.884894041,63.5825806452,24.0081354448,1.7754e-06,1.1977e-06,-9.4e-08,3.557e-07,-1.651e-07,8.2038e-06,0.8001459267,27.6704560732,15.2329156298,2.4370049896,-1.3422739958,0.8262747738,-1.2954152458,1.5392561994,1.4642557196,2.130080542,-0.5950080133,25.0279396041,16.0757569111,51.8784108751,203.306703649,76.9929469753,-192.2334926312,75.0578362106,9.6
120,106.6567,0.2175150223927295,0.0010920303384217,108.8118,0.092013256512399,0.0022063678809792,312.6021,0.0320678873410671,0.0007865561169206,496.3253001017108,37.29954474479555,2.339369994710849e-05,42.7,42.7,12.0,0.7471912618,17.2725803239,1.2681053523,17.2875177978,45.58,6.9319423317,97.3008843537,15.8212459809,85.8010884354,41.7510029881,2.0489e-06,1.3293e-06,-6.18e-08,3.512e-07,1.2416e-06,1.1933e-06,-1.4340247387,29.9704468095,14.5165151234,2.4231058803,-1.4941760338,0.8414375974,-1.5237960976,1.5326131333,1.0323438477,2.0752029088,-1.3827553636,27.1134044407,25.7476325312,56.181106033,233.2616083893,101.2657873957,-198.060523347,95.4290308179,9.6
121,84.7974,0.2008719953225418,0.0023206019502254,102.4055,0.0456401017764897,0.0014330301550985,310.3873,0.0156761223088081,0.000500660999557,482.59770711270113,38.35150708756932,0.00013727592989,41.7,41.7,5.0,2.93071546,13.4102728627,2.8885303662,14.1376039012,76.834522293,27.7665921578,237.9053503185,95.4929170183,292.9168152866,125.30577253,2.4876e-06,1.4251e-06,-5.49e-08,1.552e-07,1.4057e-06,3.4885e-06,6.1938284244,23.8852640962,14.7271272141,2.2837620269,-1.1059619551,0.6733700884,-1.0640615653,1.353664849,1.509093912,1.9377093568,6.7521178983,20.6122843896,37.1901791819,56.6790102016,213.101187719,68.16280486,-194.2962753087,69.0162082092,9.6
122,68.5305,0.1240413326643807,0.0035166079918387,99.5919,0.0177025883820168,0.0007605536961331,309.4288,0.0059908404281722,0.0002606101313122,429.35444969487344,55.30674380368966,0.0005324325741782,41.7,41.7,5.0,2.8220650992,20.4109261295,3.3794993877,18.5317729703,153.8379245283,33.6197850755,417.7069811321,143.4513041509,417.2979245283,200.151104323,2.6803e-06,1.4539e-06,-1.556e-07,2.593e-07,1.3581e-06,5.0787e-06,13.3990558972,24.4133434445,15.4975726049,2.2762494917,-0.6060626612,0.7465168538,-0.2858542732,1.3873573595,2.4889628319,1.9265702146,13.0146609251,22.9665186213,21.2404132484,51.0621959859,205.4100207923,88.071316803,-188.346432092,91.137505474,9.6
123,60.8112,0.0452178239913432,0.0023994205635007,98.6994,0.0045056501060843,0.0002874105617224,309.1293,0.0015016498859103,9.657194449757052e-05,330.3827194402222,101.4850931592908,0.0009897173025465,41.7,41.7,5.0,7.563993013,17.3391239379,8.0727570415,16.4642106041,188.41,71.1342131188,417.3447107438,183.1907550361,261.6024793388,186.2452653535,2.3872e-06,8.066e-07,-2.308e-07,2.905e-07,1.7209e-06,3.5195e-06,19.1110454151,34.1629296523,15.6863250401,2.6361574702,-0.2463366524,1.1169369817,0.1947246038,1.7556098129,2.8555780697,2.3028015286,19.6885063052,31.0339831588,27.2182599135,44.8945180966,215.2487816156,159.749716046,-181.2316168616,158.6103534116,9.6
