CRD_UP_AVE,CRD_UP_STD,CRS_UP_AVE,CRS_UP_STD,CRM_UP_AVE,CRM_UP_STD,INV_UP_AVE,INV_UP_STD,DLT_UP_AVE,DLT_UP_STD,SED_AVE,SED_STD,SED_GRD,SRO_DG_AVE,SRO_DG_STD,IRO_DG_AVE,IRO_DG_STD,LRO_DG_AVE,LRO_DG_STD,FRE_DG_AVE,FRE_DG_STD,FRE_UP_AVE,FRE_UP_STD,EGO_UP_AVE,EGO_UP_STD,EGO_L_UP_AVE,EGO_L_UP_STD,EGO_SL_UP_AVE,EGO_SL_UP_STD,EGO_UM_UP_AVE,EGO_UM_UP_STD,EGR_DG_AVE,EGR_DG_STD,EGR_UP_AVE,EGR_UP_STD,EGR_BG_UP_AVE,EGR_BG_UP_STD,DXT_200,DXT_400,DXT_600,FDM_200,FDM_400,FDM_600,SDM_200,SDM_400,SDM_600,V_UP,V_TN,AGE,MR_GCMT
1.6218e-06,2.7502e-06,-1.49e-08,4.998e-07,8.664e-07,1.1945e-06,58.7998836772,10.3390974217,-36.3387919871,4.7102920569,13583.454545454546,172.4267241659818,0.0134967409445317,,,,,,,-11.8952960294,11.6390150308,-29.3644192734,65.9196205919,-51.9128430015,2.2061830548,-0.5345948514,2.8931113461,-0.3667171913,3.2141268505,-4.3338704695,3.1197832719,-12.3529404598,7.1328144488,-30.7608865499,63.8644638589,-108.6765425163,40.4145727068,161.3861,163.1236,155.1676,0.0713286841585967,0.0337130469169231,0.0479735971776787,0.0004395059456578,0.00048068179579,0.0002702764684746,-1.0,23.5,82.0,1.0
1.4813e-06,2.1271e-06,1.049e-07,4.947e-07,6.597e-07,9.211e-07,66.08324767,5.5587691305,-44.0538927045,3.3102676818,12233.780451001365,3270.1255115544427,0.0134967409445317,,,,,,,-15.6894593989,14.9627847972,-9.140800301,54.1110914916,-50.9394345511,1.6378336891,0.3580005624,2.356814423,1.0724113772,2.6020777902,-3.1909198254,2.5324791681,-17.1560348047,13.2339096134,-10.384476039,51.6309142142,-87.8104134514,38.237678166,153.875,159.0795,150.0087,0.0741393063037717,0.0461296162344278,0.0543283624173875,0.0002646172415194,0.0005117617993162,0.0002317224584262,-1.0,23.5,82.0,1.0
1.675e-06,1.6966e-06,2.3e-08,4.732e-07,4.479e-07,7.891e-07,69.6272773117,5.7693316979,-47.1404201007,6.7110443728,11806.103125002002,3570.2615227498904,0.0042767732599936,,,,,,,-11.9633749396,16.2360784305,-5.2771921869,52.3949736139,-50.5029308743,1.3783940444,0.5417732418,2.1005247076,1.5300140157,2.300346998,-2.9718098796,2.1748733873,-11.0159506495,15.9215911042,-4.7128552629,47.252549143,-78.7447441525,38.1057466254,146.9786,153.7585,144.272,0.0623653581491284,0.0590310234656594,0.0595504178777999,0.0006561574460575,0.0005157453942073,0.0001783693741754,-1.0,23.5,82.0,1.0
1.8888e-06,1.371e-06,-2.882e-07,3.541e-07,6.209e-07,6.413e-07,78.8575631272,18.0061387663,-46.7105112726,14.7438744443,12863.955712875002,378.8988968691187,0.01057852587873,,,,,,,-0.71193086,14.2800153847,-2.973649827,67.6041214391,-50.3566838315,1.5198529759,0.1964310073,2.1949371929,1.3715005384,2.2758300862,-3.4313443875,2.163643974,0.7546037712,13.9305333415,-5.5049954496,61.5366470004,-68.4063221808,43.755241016,141.6798,147.1516,138.0907,0.0453994511466365,0.0716628470540483,0.0632858597925949,0.0006288619033274,0.0004854191026143,0.0001118070773693,-1.0,23.5,82.0,1.0
1.7475e-06,9.798e-07,-3.363e-07,2.883e-07,8.745e-07,5.252e-07,75.7613295578,6.8865707768,-43.5164633262,7.9349657544,11100.380497093229,2457.2009889125884,0.0176357521578177,,,,,,,11.8280224099,9.8337293846,-14.0956269951,54.373807678,-50.7982980682,1.4375730693,-0.2465336202,2.1269185338,0.9895844766,2.1248593081,-4.0611564532,2.1045234681,12.7191187275,9.8477905317,-13.8699731517,54.537580685,-58.8832798237,38.6103437193,137.9158,139.3353,131.631,0.033549090429901,0.0830728767084654,0.0652303265851313,0.0002341500273429,0.0004123297138253,3.5126523319911835e-05,-1.0,23.5,82.0,1.0
1.5819e-06,5.123e-07,-2.761e-07,2.467e-07,9.552e-07,2.965e-07,63.5488006223,8.2149796625,-40.1441527951,3.3991752363,11007.830508474575,163.41800489993108,0.0009254998861865,,,,,,,16.2033806851,19.2197047069,-19.5292209885,52.0658645722,-51.4776675621,1.165272765,-0.4611925827,1.8826513649,0.6239673374,1.8195386894,-4.6132839369,1.7674504636,15.7692968621,19.4263834222,-20.538640256,49.2404288419,-48.4198727152,38.6675689489,134.6988,130.4932,125.0857,0.0345571218184217,0.0921028136556928,0.0651500890217683,0.0003851095847172,0.0002889735329097,5.0317404173620495e-05,-1.0,23.5,82.0,1.0
1.608e-06,3.365e-07,-2.226e-07,2.045e-07,8.278e-07,1.965e-07,59.5075823466,10.0510406601,-37.3554926786,1.4803470057,10600.37524415,161.50405311643132,0.0040745526432457,,,,,,,-12.4869022439,25.8051044799,-31.0601087596,42.5544943621,-52.1076787036,0.9996779875,-1.0282390216,1.5342137515,-0.1662431719,1.4023366582,-5.4616312851,1.2660370708,-11.5264796428,25.7195519889,-32.5968533484,42.7600966821,-51.4441619502,40.5978013454,130.5224,120.9339,118.6666,0.0510338835869461,0.0974452152589389,0.0629012898877001,0.0009651188384587,0.0001119219420896,0.0001386371990976,-1.0,23.5,82.0,1.0
1.5962e-06,4.485e-07,-1.498e-07,3.133e-07,7.18e-07,2.355e-07,58.1505551589,9.4553169473,-37.0034542586,0.7409767301,10102.38095238603,181.7736581286653,0.0049799429176396,,,,,,,-33.4795031204,20.6391056846,-23.7228650747,28.1928085245,-52.1392151307,1.4397540002,-1.0017236163,0.7132403305,-0.4313960027,0.5642525623,-5.9584355221,0.5458289071,-33.3222793517,20.1882192001,-24.1636778608,25.051780095,-43.8363115086,26.0158048695,123.9589,111.0997,112.5939,0.0795249074667901,0.0977864299429291,0.0584463214638031,0.0012907302167239,0.0001147940673235,0.0002259197819376,-1.0,23.5,82.0,1.0
1.4232e-06,8.903e-07,-1.326e-07,4.791e-07,7.751e-07,5.131e-07,57.8615825323,8.2255555977,-38.6616899938,1.0373420008,9620.467537172904,213.6624767060292,0.0048191341521312,,,,,,,-35.9143381572,21.3853551032,-18.3203659624,19.9586988737,-52.0031180205,2.1047938401,-0.7142517305,0.3576858367,-0.4967809787,0.537983078,-6.0509845416,0.6067932806,-34.7834015377,20.4939723421,-19.51506484,18.384427942,-35.0474503064,19.6437433785,114.2078,101.5555,107.0855,0.1119028360381849,0.0920309520454358,0.051865732952224,0.0012173859771107,0.0003760417022509,0.000307275632922,-1.0,23.5,82.0,1.0
1.2266e-06,1.4414e-06,-1.143e-07,2.784e-07,8.551e-07,7.873e-07,58.0582812956,7.2149780083,-41.5178522132,1.8600189054,9160.033898305084,286.70518526473245,0.0046043363886782,,,,,,,-30.3165907007,23.3322741012,-14.7749531336,27.0472931693,-51.6848377901,2.582509232,-0.4056969337,0.7337512701,-0.5297723044,0.9709656121,-6.3102799103,1.008721698,-30.2467591086,22.9693161824,-14.5761587803,25.9333610652,-27.4401507072,17.4723399014,101.4618,92.9524,102.3442,0.1370790178313882,0.0795631553978954,0.0433631043660898,0.0006572892283702,0.0006477014486779,0.0003778158343299,-1.0,23.5,82.0,1.0
1.483e-06,1.4955e-06,-2.906e-07,4.224e-07,9.544e-07,7.564e-07,55.1915646124,8.9860607034,-44.4767778029,5.5632349638,8863.425531914894,334.5294405312692,0.0029660836639019,,,,,,,-28.5858655856,17.2579282095,-17.4831607133,35.5597520168,-51.7837896223,2.8995442057,-0.4379469263,1.1078649468,-0.942413265,1.312545088,-6.8941358963,1.367144931,-29.0131695814,16.7302073476,-17.431429236,35.7143499707,-23.1263831822,26.9080952187,87.1189,85.9663,98.546,0.142848260967061,0.0604863702064738,0.0332604414031558,0.0004040920914037,0.0008965708095562,0.0004330708501643,-1.0,23.5,82.0,1.0
2.1495e-06,1.1188e-06,-2.156e-07,2.174e-07,1.4444e-06,7.222e-07,71.2520227432,21.0773549975,-60.2810705887,19.3306178901,8566.932195113899,362.0893312835792,0.0029649333680099,,,,,,,-25.8802171879,20.9507272728,-38.3355399001,32.1630650066,-53.0488682399,3.4177796492,-1.1487319083,1.4122377491,-2.0371635827,1.6560988709,-8.1928153265,1.6660202715,-23.535537184,20.8465457718,-39.7058585423,32.704919077,-9.8121243174,40.7873095455,73.6986,81.2159,95.8286,0.1200018500996861,0.0357798398334991,0.0219825070586835,0.001599303451515,0.0010861958312321,0.0004694583466771,-1.0,23.5,82.0,1.0
2.4591e-06,1.1002e-06,-2.285e-07,8.43e-08,1.6876e-06,7.18e-07,65.5434581056,30.3211591113,-60.8847138095,26.4752464058,8243.706854458622,277.2646201828988,0.0032322534065527,,,,,,,-25.2044231629,20.6918670835,-35.5766376644,33.1307767548,-53.4778651862,3.7855185751,-1.0100129718,1.6263385259,-2.1371223729,1.8672794268,-8.5307684356,1.8754964963,-24.6417102771,19.9624273052,-35.7898823373,31.2850418182,3.4057022508,40.1526297417,64.2607,79.1718,94.2827,0.0671293655657356,0.0092773008765323,0.0100292267575169,0.0026780112046394,0.0011836043498174,0.0004847585267124,-1.0,23.5,82.0,1.0
2.697e-06,1.148e-06,-1.916e-07,6.41e-08,1.8793e-06,7.405e-07,76.5887753835,48.5774692963,-69.3829635636,39.3798468289,7805.107029506429,413.413427251934,0.0043859982495219,,,,,,,-21.17533739,19.1516878756,-18.9021365757,35.1215904916,-52.9119383904,3.9057282551,-0.0892387278,1.8123178308,-1.3524771449,2.0192882506,-7.8950523253,1.978242254,-21.1262550576,18.5601438663,-19.1350216468,34.6592161784,9.7679341459,32.8383045371,61.464,80.0755,93.9466,0.0209731522848969,0.0223384900494618,0.003384503891546,0.0032177438650164,0.0011668187797377,0.0004785029076408,-1.0,23.5,82.0,1.0
2.7941e-06,1.2069e-06,-9.92e-08,9.51e-08,1.752e-06,7.343e-07,84.9629043931,57.911829401,-64.7662091334,43.0159410141,7677.263234991579,516.5707540076666,0.0012784379451484,,,,,,,-18.5197259033,22.4115700644,-13.1023131376,33.865259312,-53.0659496155,4.0176269537,0.3444681998,1.8890706759,-1.0163892938,2.0713485124,-7.7468145676,2.048475561,-18.5473213662,21.9457319697,-12.0026699617,33.2315858722,12.5004296563,31.2038131424,66.6342,83.8843,94.8048,0.0868384108721191,0.0502164497894269,0.0137680007739004,0.0029847979441347,0.001030699710967,0.0004521730128477,-1.0,23.5,82.0,1.0
2.9787e-06,1.3401e-06,-1.859e-07,2.045e-07,1.7991e-06,7.796e-07,37.0475056807,53.071569772,-14.5718404359,28.9014500906,7344.285705566429,744.6731071193522,0.0033297752942515,,,,,,,-16.9289965798,23.0350529095,-21.1747611588,41.4888439099,-53.9478546324,4.2135018199,0.0564281784,2.0737726228,-1.3552054882,2.2147824299,-8.2224426345,2.1527410468,-16.0115795442,22.1156815026,-22.2264107184,40.0529576118,12.0133980729,34.3346902175,79.1886,90.2595,96.7918,0.1515496453568548,0.0734597605732327,0.0246180734486773,0.0019778740206211,0.0007894586483427,0.000409140309799,-1.0,23.5,82.0,1.0
3.0724e-06,1.5681e-06,-2.369e-07,1.623e-07,1.8392e-06,8.882e-07,35.4883765946,48.6017453068,-12.6052325543,17.7813321547,6982.581791548364,922.5993487931348,0.0036170391401806,,,,,,,-14.0751152625,23.7479892102,-27.2909684703,40.9412605536,-54.9317929404,4.0998847803,-0.2447337876,2.0012331006,-1.6996359497,2.0818442268,-8.5511059307,2.0446923321,-14.2468522305,23.875193155,-26.632762986,39.905315007,8.4473254947,34.1116134182,96.6369,98.6011,99.8004,0.1846045080982148,0.0897681177032557,0.0342484092253295,0.0005428790153306,0.0004751093954913,0.000354329781774,-1.0,23.5,82.0,1.0
3.1008e-06,1.6901e-06,-1.811e-07,7.9e-08,1.7131e-06,9.131e-07,31.9943572998,43.4072462768,-16.8324999541,23.9392671838,6179.965458311034,869.1113645951793,0.0080261633323733,,,,,,,-8.0554332337,21.0790723501,-29.595308954,36.0843156943,-56.4599757912,3.5366190086,-0.8833098047,1.5718636397,-2.3823111527,1.5772899807,-9.3041782632,1.5434966948,-8.6597124301,21.7434621038,-28.6227666169,34.9909746976,13.3746988959,33.6976973139,115.2546,108.1275,103.6944,0.1786451550215776,0.0977948293265716,0.0424296133477886,0.0010532603603352,0.0001364726966828,0.0002936367072895,-1.0,23.5,82.0,1.0
3.0825e-06,1.7061e-06,-7.84e-08,1.799e-07,1.7274e-06,9.422e-07,38.6832648102,54.5672007882,-28.4651039955,39.5740274802,5166.549967448001,503.1603688655927,0.0101341549086303,,,,,,,-6.1807704993,17.8155511841,-57.6420241605,35.864851213,-58.4700553301,2.6687959001,-1.9834896255,1.1713480413,-3.4934203798,1.2300890305,-10.2731747859,1.2642671412,-6.469220046,18.6467903594,-56.9642042188,33.9663544677,22.7274249303,52.6460347554,131.2914,117.9859,108.3224,0.139485237327664,0.0973648171240863,0.049083811731661,0.0020585907294145,0.0001916576234698,0.0002331789316882,-1.0,23.5,82.0,5.4
2.9617e-06,1.5732e-06,8.15e-08,2.168e-07,1.5308e-06,8.003e-07,49.8944821217,74.474595914,-37.8641545668,56.6120830203,4575.936531187936,401.9664950338484,0.0059061343626006,,,,,,,-5.9547770353,16.6728247048,-50.7556553663,56.732376641,-59.1636343586,2.3686680276,-1.9591631451,1.6956779148,-3.4767772385,1.8749947194,-10.1628498009,1.8293121176,-6.1896674742,16.6413778342,-50.9715692858,53.8061271799,20.8592824632,58.2759500646,142.2663,127.3714,113.5339,0.0842795599453868,0.0894719908223805,0.0542813078848367,0.0022309011013802,0.0004524794574051,0.0001785112712517,-1.0,23.5,82.0,5.1
2.7718e-06,1.4605e-06,7.97e-08,1.909e-07,1.3672e-06,7.382e-07,68.6225061833,88.6582854667,-53.1459330995,68.5989079453,3766.5624694825,692.1142673553013,0.0080937406170543,41.441875,9.2640832492,95.2888392857,71.5662934396,147.0762135922,27.9065014562,-8.0064546979,15.253487949,-43.9569885184,59.4184510433,-59.4658169217,2.0234062431,-1.5487822557,1.8999425618,-3.0497240159,2.190812224,-9.5947323958,2.1567176975,-7.9566747635,15.4369480929,-42.0649500781,58.2607080741,31.8422581736,56.349547699,147.7413,135.6349,119.1928,0.0339071619846341,0.0760654225177667,0.0582184924093952,0.0016394303393338,0.0006195461695319,0.0001339450516481,-1.0,23.5,82.0,9.0
2.7039e-06,1.3831e-06,-1.74e-08,1.475e-07,1.1918e-06,6.118e-07,72.1780344183,83.8636071403,-56.912159729,66.2409994893,2911.1666851621208,824.1678434928953,0.0085539578432037,25.2157608696,11.8017180707,75.3492934783,36.2351406432,78.3706557377,48.0389435555,-7.6641318805,14.4715426625,-34.7731105136,51.8625773273,-59.6846259476,1.715506516,-1.1271261998,1.7623470103,-2.5886157112,2.1487571602,-8.9257789339,2.1140143678,-7.6702030004,14.2033858625,-34.6005418332,50.5555327295,38.7132663038,56.995016364,149.1549,142.3604,125.1877,0.0049003226517059,0.0596914085698671,0.0611810867744813,0.000671572550022,0.0006778930067155,0.0001020924835306,-1.0,23.5,82.0,9.0
2.8399e-06,1.3011e-06,-8.92e-08,8.06e-08,1.1515e-06,4.984e-07,64.2393680023,100.9112548984,-49.30799775,77.5642799393,2697.9523654514287,706.4583993987674,0.0021321431971069,23.1650877193,12.094007475,56.9092397661,22.4029914723,36.5367647059,19.814481561,-9.8342095604,18.5970710087,-40.4190681356,49.1892519098,-59.8477404734,1.9773462507,-1.1644932376,1.5056319368,-2.7285448581,1.865118083,-8.7640952475,1.7701823728,-9.5569904639,18.5589505283,-40.8052275403,49.0390089468,29.3793281692,64.2072237157,148.8803,147.4018,131.4392,0.0028239698311857,0.0430884703638891,0.0634989928349313,0.0002491758110752,0.0006284325454723,8.36759765087211e-05,-1.0,23.5,82.0,9.0
2.9686e-06,1.3617e-06,-1.181e-07,1.62e-07,1.2498e-06,6.497e-07,56.3909118925,89.8138789042,-46.9870088304,74.711310005,2949.500016276,739.1916396544389,0.0025154765082457,21.8424657534,16.0252335508,53.2484246575,37.0146774607,42.0048630137,29.1127526836,-7.6276609185,23.6201581584,-40.3218902456,37.4762449272,-59.8346030665,2.3616120425,-1.0722702468,1.1447837537,-2.7978325498,1.3517585465,-8.5518751705,1.3596578915,-7.6378536662,23.5278299486,-40.5110721855,34.8299541685,24.0478398449,68.7653994278,149.0894,150.8813,137.9012,0.0087792390635057,0.0288151611734231,0.0654990947471603,0.0006694401206572,0.0004854481227258,7.757115031473282e-05,-1.0,23.5,82.0,9.0
2.9624e-06,1.4857e-06,-4.94e-08,9.6e-08,1.3107e-06,8.102e-07,53.8623516271,106.4675710977,-41.5330276211,81.9722553307,3229.640571594375,763.5978433185469,0.0028014055531837,18.9020958084,14.5806925832,51.508742515,40.8506139207,43.4788622754,30.7299401766,-7.0072633406,22.8824501578,-33.2406413092,40.0679786715,-59.9128270149,2.3856971467,-0.8318592381,1.1238453058,-2.6379096589,1.3125327642,-7.8581585125,1.2930258169,-6.9928959486,23.2324211955,-31.7686637376,37.7588383021,25.7743611927,64.0537364113,150.9172,153.1541,144.558,0.0256559232232158,0.018955485532845,0.0674613718381343,0.0005859605783326,0.0002729505523005,8.104070584760626e-05,-1.0,23.5,82.0,9.0
2.9609e-06,1.3819e-06,3.9e-09,2.519e-07,1.2524e-06,7.236e-07,60.5864530864,123.7707580727,-43.3342646546,91.5641486904,3135.5645653508072,850.4142810321727,0.0009407600624356,21.7011585366,15.1370215036,61.3876219512,42.741523391,43.7440853659,20.5688456941,-8.6922493839,23.8751026622,-25.7602442555,51.7786897571,-60.0726155126,2.5028897082,-0.8987173168,1.4554074672,-2.8214156648,1.6915105242,-7.6753807123,1.6274921466,-8.2175461619,23.6577412519,-28.4622932482,50.1408308102,30.6897120621,55.639542941,154.1675,154.7484,151.4179,0.0352481146469381,0.0149192386069627,0.0695825787598311,0.0001692088484441,6.78011937740301e-05,9.011187914227724e-05,-1.0,23.5,82.0,9.0
2.9352e-06,1.171e-06,1.91e-08,2.689e-07,1.1701e-06,5.567e-07,94.5384860596,129.7215379894,-0.0888399178,122.8461126702,2420.5254154528816,681.5960436434328,0.0071503914989792,31.7438518519,20.5958796305,81.0918518519,47.6058461892,56.2711111111,29.2265855804,-10.3498311682,23.5387647282,-44.607205017,69.3041338714,-60.3620305893,2.7791867238,-1.5548248149,1.9505680512,-3.6948429357,2.2432203106,-7.918203437,2.1270656517,-10.1261302224,23.4528049242,-43.9620647376,66.9936949359,36.0901897943,74.9356762071,157.6204,156.2912,158.5032,0.0305313580018936,0.0173340827948195,0.071950519230599,0.0004972406207916,0.0002384597940088,0.000100048221466,-1.0,23.5,82.0,9.0
2.8582e-06,1.0639e-06,4.41e-08,2.145e-07,1.2749e-06,5.191e-07,310.2417879393,120.0809948353,220.6178505095,167.9975726751,1746.3225757229031,523.7374952740126,0.0067420283972997,32.7734640523,21.1509632136,77.6563398693,45.842158277,56.8858823529,23.4077425191,-7.9310070968,18.5193098055,-50.6239383307,65.4452271026,-60.9349754878,2.2621463255,-2.1483096663,2.2471661054,-4.363170299,2.7479083466,-8.0146919319,2.7049844986,-7.4537099938,18.5227127446,-48.1946322096,64.9740945272,40.3547781317,80.2270957199,159.8666,158.4278,165.8383,0.0144475020899584,0.0260154723421792,0.0745307453353532,0.0007184613459872,0.0004728053642392,0.0001058685021146,-2.1,15.3,77.8,9.0
2.7428e-06,9.814e-07,1.212e-07,1.945e-07,1.356e-06,4.599e-07,210.3501079823,90.1872249605,147.1313577479,131.4607464645,1409.0757686730306,290.23398683794824,0.0033724680704987,32.1731638418,14.1974644088,74.9615819209,29.2752314235,50.0906779661,15.2653830756,-4.0453491102,17.136206065,-58.1492844238,63.5057839314,-61.1843976742,1.7232574574,-2.3568788029,2.3927030973,-4.5397132395,3.0346379364,-7.4936499828,3.054080742,-3.4008143496,17.1600641263,-53.9266416176,61.835125265,51.3086310392,77.3376073928,160.3846,161.741,173.4371,0.0021328531059649,0.0399968718115955,0.0771663426789348,0.0003046052687045,0.0006523625040096,0.0001028701357183,-2.1,15.3,77.8,9.0
2.5802e-06,9.263e-07,1.809e-07,1.543e-07,1.2997e-06,4.531e-07,158.4176194071,49.7509590735,93.1049321815,91.2007494023,1155.4838621077422,270.87527199453496,0.0025359190656528,43.894966443,12.6162276254,140.9239597315,65.7739353205,134.3281208054,78.2995001344,-1.2760056075,21.7399153607,-59.8296329151,61.2874288744,-60.9595772041,1.534681725,-2.7614584618,2.4534136547,-5.1102498108,3.1081836194,-7.4265926565,3.1828337564,-1.7013939139,21.9981088264,-63.8497345917,60.6535647303,47.0977471291,73.1029587783,160.2823,166.6771,181.2919,0.00501358588426,0.0576130089815202,0.0795907024840371,0.0007822370095112,0.0007519824633244,8.714297378175372e-05,-2.1,15.3,77.8,9.0
2.4347e-06,9.703e-07,1.453e-07,1.478e-07,1.0348e-06,4.511e-07,126.2185630079,30.8914258457,30.8609662686,70.8210297794,1001.6984136672222,241.9591088188357,0.0015378544844051,58.9910989011,9.9221614482,298.5695604396,78.264822539,279.0739010989,134.0108522859,4.567207607,21.5619544557,-42.9444766563,56.1485063866,-60.0310573578,1.2279217555,-1.8556790642,2.1935241439,-4.1020316199,2.8516843023,-5.7924535916,2.9937153942,6.0943190346,20.5946477842,-38.728407804,53.1158991661,67.4977084062,77.8943178844,162.152,173.4837,189.363,0.0376245255652812,0.0766510865262719,0.0814528860769087,0.0019870935577607,0.0007543807496878,5.605317887533048e-05,-2.1,15.3,77.8,9.0
2.3197e-06,9.664e-07,1.9e-09,1.188e-07,8.778e-07,4.04e-07,126.1310571165,47.5690138143,11.450000325,65.0748487253,864.7575776071212,196.4547167886396,0.001369408360601,60.6135135135,6.6675623068,284.2643783784,80.6454023942,304.5314594595,129.4024283348,-0.3340303636,12.6746678004,-41.9464758289,45.4131504869,-59.3670287662,1.157221319,-1.8446716391,1.9571147129,-4.1891593014,2.5830659821,-5.1890256686,2.892391551,0.3737232858,12.477304128,-40.7267887625,44.8940914901,70.6248896122,86.1995988295,168.9351,182.166,197.5726,0.0965494833130838,0.0945876112733048,0.0823542617675569,0.0026450587604984,0.000653699450292,1.5523958022198363e-05,-2.1,15.3,77.8,9.0
2.3595e-06,9.315e-07,-1.145e-07,7.62e-08,1.0892e-06,4.405e-07,126.6043080348,71.8998698149,-13.2847424114,68.6903175529,675.9218702316407,93.79103523526764,0.0018883570737548,61.0870786517,5.8389965088,323.0348314607,113.2003717796,320.7402247191,94.7534714727,2.5690524889,12.0009161329,-41.3043516199,45.1129274642,-58.6863458994,1.3569217949,-1.9492295334,1.7868204354,-4.4186453723,2.3448834252,-5.001874107,2.7606928119,2.9791045608,11.9434880357,-40.7360132812,43.6512907432,73.3185993336,91.925063486,182.2181,192.4731,205.8023,0.1601848243971778,0.1089094630714301,0.0818935597630508,0.0021976430737996,0.0004584220107811,5.412499008017865e-05,-8.5,1.6,73.7,9.0
2.5052e-06,8.791e-07,-1.091e-07,9.88e-08,1.2786e-06,4.354e-07,128.6048218608,98.6240637872,-33.7217773413,78.0826661285,562.6229508196558,54.29312193847839,0.0011329891941198,67.1469444444,6.0832193229,291.9975694444,57.4229213362,298.5970833333,95.049499837,19.411955049,13.9196715306,-48.5245022432,52.7929026973,-57.6517809232,2.3034940262,-2.150003758,1.7056702405,-4.775583754,2.0879608864,-4.7099584273,2.3731401911,20.4480730629,13.2322730232,-48.2081521607,47.9508860861,67.5990082256,101.2750595532,200.8842,203.9193,213.8954,0.1996841342776989,0.1174881959305068,0.079715864849983,0.000719062834145,0.0001922404754115,0.000129325185274,-8.5,1.6,73.7,9.0
2.584e-06,9.11e-07,-3.82e-08,1.489e-07,1.083e-06,4.303e-07,115.0961377559,114.9567499524,-60.2054091904,93.5662878516,547.4285687038035,99.96228956079192,0.0001519438211585,71.3525806452,6.8216773634,359.2787096774,88.0208024896,289.8012096774,71.0467591664,13.7863252373,17.9219812816,-30.7816761051,53.0508807354,-55.8266289694,3.6208890231,-1.9045562681,2.0468089651,-4.6554288488,2.0971451245,-4.0092907951,1.9992780716,15.023018239,17.2447590305,-30.6085838566,46.7809184352,72.2755185293,100.3788073441,221.214,215.8426,221.6645,0.1956348388172333,0.1189360037885015,0.0755593778258442,0.0011490112376177,0.0001157304404578,0.0002123288079099,-8.5,1.6,73.7,9.0
2.6841e-06,1.0082e-06,-4.37e-08,3.396e-07,1.2727e-06,5.114e-07,85.6010536143,87.2922699356,-58.8410357261,74.8895441602,759.5862084750516,315.21191673289127,0.0021215763977124,69.9474452555,6.9816285542,351.708540146,129.5081904607,287.1918248175,114.3751140191,19.1143044482,24.4804020741,-56.5392008638,57.1563520889,-55.3645118857,4.6437007295,-2.7685905601,2.7395113373,-5.511624889,2.7237952656,-3.999654002,2.4426058763,19.6107060804,24.5589550875,-56.5111322842,56.2096718002,68.8244784227,94.7810343945,238.7404,227.4941,228.9026,0.1516788259533955,0.1128317281927246,0.0692924680366001,0.0023162133047763,0.000404864468219,0.000297345000538,-8.5,1.6,73.7,9.0
2.8037e-06,1.058e-06,1.181e-07,2.875e-07,1.5551e-06,6.133e-07,87.4580703099,113.403883669,-48.5122497798,72.8282918963,1121.203388796017,381.57567230647743,0.0036161718032096,76.7102816901,13.1528568601,444.0758450704,179.9530968322,435.8861971831,216.5369739326,22.7506760168,36.2333813189,-50.6731305067,61.4088637941,-54.0685153374,5.1158622373,-2.8538979635,2.8898369381,-5.5615291968,2.8553235545,-3.3959578608,2.4840968973,22.180564341,36.3496489661,-49.47332247,59.4331599926,74.5099555254,89.3777942771,250.5881,238.1374,235.3977,0.0906763160041193,0.0997281150027029,0.0609349962522044,0.0024005555047,0.0006596869051321,0.0003781108358702,-8.1,3.9,69.2,9.0
2.8116e-06,1.0689e-06,2.775e-07,2.459e-07,1.5948e-06,6.852e-07,79.641103119,117.4811410609,-51.2102273349,79.8580326145,1425.275863121293,298.8566000594385,0.0030407247432527,76.4527407407,29.6552013158,489.6382962963,291.3235904487,465.1367164179,244.8811045768,8.7856063127,34.4694641885,-47.9014877842,40.6412255294,-52.7496863824,4.5747011547,-2.8595638281,2.177347644,-5.5039963772,2.1988679973,-2.4996427572,1.9187751569,9.6810272632,34.4845385458,-47.131139859,39.4064598786,76.5240687574,79.0141205712,256.5138,247.1382,240.9485,0.0375679244361898,0.0809602289031728,0.0506629217926378,0.00169556985347,0.0008481982917586,0.0004485025201162,-8.1,3.9,69.2,9.0
2.7101e-06,1.0612e-06,3.386e-07,3.594e-07,1.4401e-06,6.643e-07,50.8574808166,90.3110074041,-34.8801793138,58.9635874695,1595.6666666666667,227.94992781451649,0.0017039080354537,66.4956617647,24.8257499947,387.0134558824,308.3321754269,354.4025,266.7935181541,-7.1085248951,24.061300831,-46.789324815,46.9636600083,-51.19093993,4.0850701786,-2.7465098149,1.8471652543,-5.307454771,1.9949364793,-1.6736279118,1.8710184417,-6.0399857243,23.7483889538,-46.3090569371,45.4336964979,80.8368537693,71.896366364,258.2183,254.0263,245.3797,0.006340462027827,0.0583606178144347,0.0387994664150334,0.0007954253977054,0.0009569541549852,0.0005029832571399,-8.1,3.9,69.2,9.0
2.4921e-06,1.0668e-06,2.948e-07,2.842e-07,1.1717e-06,6.514e-07,36.280650692,64.2065685853,-24.1091308571,39.4252701326,1666.9344262295083,192.46084284328973,0.0007126775956284,63.1858,20.7664014302,393.8688666667,279.5487205755,316.9567333333,192.8064980008,8.3081970341,32.8695147477,-33.4092936483,55.5287754843,-49.6823090263,3.4273122186,-2.2302955081,1.9205247151,-4.7057476841,2.1076230092,-0.3649492144,2.0961557047,8.3939647057,33.1889584949,-32.6653535567,54.2796400791,81.6960077234,62.1137198245,257.9078,258.5302,248.5554,0.0062971231788461,0.0339763527099625,0.0257966240707171,0.0001525901967966,0.0009829504587317,0.0005369241728035,-8.1,3.9,69.2,9.0
2.2931e-06,9.679e-07,2.08e-07,1.492e-07,9.795e-07,5.66e-07,43.4748502677,86.9606340023,-24.2021189019,52.3686520649,1759.5238095238096,175.61591000192718,0.000925893832943,66.385,25.5461607477,391.9675657895,247.680898234,373.0220394737,238.0722885832,12.227220166,34.5690065794,-14.5031621512,60.7505247491,-47.8542555432,3.2234788025,-1.4728769472,2.1684705554,-3.8405669258,2.3538395577,0.9932352002,2.3919097249,12.682716555,33.9884297558,-13.8115772995,59.4715776869,82.3680070583,56.7777114295,257.2034,260.5844,250.3912,0.0061074193224986,0.0099763238796518,0.0122096261547251,0.0001174977399604,0.0009315003760062,0.0005468435246124,-8.1,3.9,69.2,9.0
2.0705e-06,8.044e-07,1.628e-07,1.368e-07,8.745e-07,3.397e-07,59.183242402,92.293499301,-46.9895632481,74.0253275065,1879.781251907344,157.50094112803444,0.0012025744238353,59.255875,27.8300363005,231.04075,163.9179773299,285.0893125,243.5888198818,-4.7363198898,28.6635978056,-14.8024511416,73.6926704721,-46.7193094889,3.0333790508,-1.2458766076,2.5350595682,-3.5127941056,2.7000853899,1.8611401971,2.7530735541,-4.1215806176,28.7334995432,-13.7943153541,71.1378341029,87.3987539514,60.1681706833,256.7583,260.3163,250.8624,0.0035562806163272,0.0122559960015378,0.0034999323570645,6.257520297486232e-05,0.0008140568662384,0.0005305704143981,-12.6,-7.0,61.1,9.0
2.0152e-06,7.659e-07,2.031e-07,1.187e-07,8.327e-07,2.35e-07,38.4941731511,58.1148755541,-31.0149170239,48.6341583081,2077.603176540794,151.93947549934413,0.0019782192463344,33.8270198675,12.4478858438,115.6744370861,76.2443615775,151.4074834437,176.6676113111,-8.3094283384,26.2327153324,-17.3767543463,77.1099603954,-45.4204725968,3.1428140494,-1.2284275155,2.7008611947,-3.3988624286,2.8452994984,2.36836349,2.9138297535,-7.7353876691,25.9363775199,-15.0168317807,75.5966052858,84.5944534728,53.6478896624,256.3685,258.018,250.0099,0.0058905270371931,0.0308044470897107,0.0141670232359921,0.0002707384341695,0.000646115865162,0.0004873264848507,-12.6,-7.0,61.1,9.0
2.0582e-06,8.223e-07,2.88e-07,1.028e-07,8.944e-07,3.237e-07,18.6687391027,48.8377135819,-11.6174735481,33.7074693175,2267.300004069,186.36972912969995,0.001896968275282,31.2147413793,10.5554427422,102.4605172414,37.7982751122,71.4156034483,55.3343287364,-8.2716241085,26.098873684,-19.524119698,78.3265873055,-43.2415702783,4.2089952722,-1.2256036183,2.9558085035,-3.2229599185,3.1333087401,2.9047105313,3.0403261878,-8.0074375762,25.0536583023,-19.5712308328,76.9103700156,76.6834765869,43.8279629341,255.295,254.1076,247.9416,0.0168526904731118,0.044748869265924,0.0256200968257944,0.0006447689569029,0.0004455500664557,0.0004177369204888,-12.6,-7.0,61.1,9.0
1.8515e-06,9.183e-07,3.424e-07,1.296e-07,9.128e-07,4.704e-07,30.9975738185,78.2387885526,-26.5959281109,68.0507799329,2437.733333333333,202.3784275277552,0.0017043332926433,35.3064,13.4776261055,112.13936,39.499625593,54.19072,13.5767778903,-11.9232947943,23.1789279799,-18.7725021806,61.1111128202,-41.3324045366,3.9853402049,-1.0222039393,2.4928492044,-2.8203659459,2.6708737609,3.8076510144,2.6034228926,-11.5879257349,22.6693192642,-16.3913458983,60.1312601293,70.8901992819,45.418062805,252.6149,249.0847,244.8314,0.0367979704026112,0.0534866429730879,0.0350538725180342,0.0009627363489323,0.0002314146804755,0.0003237782347043,-12.6,-7.0,61.1,9.0
1.6129e-06,1.0319e-06,3.204e-07,1.677e-07,7.3e-07,5.658e-07,51.8682648454,97.6390556452,-46.5312504662,88.8919487917,2601.1935523248385,223.48673134033749,0.001634602189915,39.9473426573,17.7764717979,107.9585314685,31.8877253048,88.7967832168,23.8539536123,-16.2522472886,21.0709254742,-12.087790062,51.2211781613,-39.7991635122,3.1462356788,-0.8725411504,1.9197332864,-2.4953648898,2.0453475689,4.5647522123,1.9982674771,-15.5164559828,20.7366239346,-12.1062232445,49.7632312022,61.9389468328,58.9068194811,247.547,243.4827,240.9138,0.0628028055003709,0.0568951440427099,0.0418928615047295,0.0010840371046342,5.284858663476191e-05,0.0002086613188693,-12.6,-7.0,61.1,9.0
1.5588e-06,1.031e-06,1.044e-07,2.208e-07,5.81e-07,6.206e-07,64.7665629038,110.4423653551,-59.5599055412,102.3143199724,2619.5692345252305,266.42054100233145,0.0001837568220039,31.6170394737,18.4083964266,71.6747368421,31.6166076226,74.0700657895,24.7559760328,-12.0870464192,27.8390601861,-13.1139673631,47.8315034002,-38.1558109836,2.4391677412,-0.7209820075,1.5726881604,-2.1742474142,1.6366531336,5.2767467091,1.6808297351,-11.5051189302,27.7350292053,-11.6696091316,44.8543148358,60.3058023786,61.2860021975,239.8044,237.8212,236.4763,0.088137060749867,0.0553211602443031,0.0456541549487641,0.0008485346716351,0.00016200798314,7.665361052924217e-05,-18.4,-18.4,51.8,9.0
1.5597e-06,9.79e-07,-1.233e-07,2.85e-07,6.157e-07,5.541e-07,51.3498699885,112.551871837,-46.7521925459,104.0962536718,2429.799979655,222.4490119224416,0.0018976925487023,28.8020567376,19.0299208049,77.9324822695,37.5803323233,63.2068794326,22.7582728824,-13.0047479766,30.065891314,-0.7049576607,44.7341292245,-35.4463248036,2.2714871089,-0.2375179277,1.4049133034,-1.4278952633,1.4279146101,6.1927856993,1.580873657,-13.3835588214,30.249348578,-1.0380340516,43.6361123726,59.1595701792,65.1059699363,229.9856,232.5608,231.8482,0.1025916473477665,0.0495364351299753,0.045971374623159,0.0002601015009827,0.0003078479045705,6.74828360779947e-05,-18.4,-18.4,51.8,9.0
1.6607e-06,8.797e-07,-1.774e-07,1.886e-07,8.572e-07,5.172e-07,71.1869371653,120.476855089,-65.5961247085,113.6375421124,2251.326918381923,281.1865427739981,0.0017847306127307,32.1090291262,19.4070418365,112.4761165049,62.6800289377,74.8685436893,31.9787375176,-0.4855223537,29.2967375055,10.1860204107,48.5321840494,-32.6119239732,2.1842763392,0.1680752974,1.3846947707,-0.7289444427,1.3093346875,7.2661888812,1.5021242668,0.0476678095,29.0041983516,10.352290841,47.1789975,66.8623463419,78.6913012445,219.7749,228.0651,227.3887,0.0960653793756884,0.0406499881104924,0.0426124498982252,0.0008131496669092,0.0004039210786739,0.0002170884362967,-18.4,-18.4,51.8,9.0
1.6499e-06,6.678e-07,-1.543e-07,8.59e-08,1.011e-06,3.993e-07,110.7144350949,140.8726772605,-105.4902525363,136.8330496665,2131.842105263158,342.57701346846284,0.0011948481311876,36.6514285714,25.4204664611,123.7966666667,81.0888366889,104.3805714286,71.9761248752,5.6972829874,30.5389567315,2.1859697146,64.4567819815,-30.3682551149,2.3837637697,-0.2311987028,1.6583853032,-0.8243374923,1.5319512855,7.5583536938,1.6180634114,5.6841290968,31.9307122307,2.5542106745,61.2741760442,82.9729468539,91.0098773082,211.5889,224.574,223.4719,0.0649888836489316,0.0299609707668858,0.035490117513648,0.0017120926327999,0.0004470268595512,0.0003672695033757,-18.4,-18.4,51.8,9.0
1.6703e-06,4.917e-07,-5.25e-08,8.58e-08,1.1681e-06,2.946e-07,153.0088816643,130.7852795558,-154.608750391,130.0060804862,1847.9056603773583,347.2605059959509,0.0028393644488579,42.0626213592,29.0623689545,153.1552427184,121.2469085811,148.3917475728,113.8903868479,7.2224715903,19.8260951297,-17.2812002428,45.9562397334,-29.0418467441,2.6857323181,-1.54484198,1.207377336,-1.8825404826,1.1156208077,6.9772588196,1.2042692801,6.7418284311,20.9919524129,-19.2211673189,41.6475614179,76.7818596798,102.877021508,207.6358,222.1959,220.4727,0.0184116560044281,0.0187332664168276,0.0246641488020792,0.0021527677131313,0.0004447532867407,0.0005118909415249,-18.4,-18.4,51.8,8.62
1.6168e-06,3.818e-07,-3.18e-08,1.727e-07,9.749e-07,3.592e-07,207.5360347704,146.9736032879,-215.9702951278,153.6421733356,1142.7777794732035,370.3725657939028,0.0070512788090415,46.2349565217,25.5487604864,209.1539130435,105.5215423355,222.2842105263,103.6246189665,21.1911797663,18.8003653999,-31.1300806311,40.3215647557,-27.9694502213,2.8681730321,-2.5229451626,0.9444809808,-2.7483351847,0.8829347631,6.4684093259,0.7719751002,21.0455876447,17.362617503,-30.2379335418,39.2212705282,66.9432520456,119.1779200517,209.0095,220.9271,218.7521,0.0376054145474986,0.0079019505183726,0.010335519477587,0.0020502760079635,0.0004170060877326,0.000645529825736,-18.4,-18.4,51.8,8.62
1.6673e-06,4.418e-07,-2.91e-07,3.88e-07,7.118e-07,4.117e-07,203.4309095725,99.2847562097,-208.690864404,118.9455587847,529.2500005449822,338.53082185738384,0.0061352777892822,43.955859375,20.9499424793,253.805859375,83.1099391011,268.549140625,92.6963606859,28.7190590842,27.0613023257,-24.4106264701,37.8641269306,-25.6819089535,3.5841700044,-2.1463325385,0.9745342116,-2.3242172557,1.0596674479,7.3303849718,1.0371341547,28.2455931081,27.0258288905,-23.9792459072,35.62674625,80.1830434467,117.1518809546,215.4711,220.7012,218.6438,0.0839514148717491,0.0029828018671297,0.0074291477364192,0.0015618633435456,0.0003935415844604,0.0007632747419045,-12.7,-12.7,46.2,8.62
1.8367e-06,6.191e-07,-2.19e-07,3.313e-07,1.4044e-06,5.334e-07,127.310788393,96.8379456964,-105.3409724468,114.0567831662,477.8245672928772,346.18016226947617,0.000514254332521,46.3616296296,18.8082497741,254.1464444444,73.9162736,248.8371111111,84.9914376939,23.5443627903,26.3159868738,11.563555397,50.5820016575,-22.938369733,4.0512096255,-0.8381405417,1.4565717447,-1.0574592122,1.541305953,8.8805484007,1.5531574103,24.0672669288,26.6488370874,11.0514101321,49.2450274807,101.9376398179,96.8360984876,225.8182,221.4629,220.4417,0.115503843042021,0.0121039684004295,0.0273891753122259,0.0008708341895858,0.0004078282542516,0.0008607314950243,-12.7,-12.7,46.2,8.62
1.8514e-06,7.129e-07,2.62e-08,2.195e-07,1.2734e-06,4.812e-07,155.1244857279,106.8661842237,-136.7436679586,113.8005550966,760.1403519479824,213.77274695908275,0.002823157846551,62.3943478261,21.4696615391,317.8771014493,89.9525486359,206.0455797101,80.5079397652,17.1259192508,24.9593979421,3.8964190332,54.646434065,-21.2837289755,4.6469739145,-0.587887616,1.7854378657,-0.8782358987,1.8953430995,9.3412253857,1.8611838578,16.3057165623,25.717907873,3.6094188507,53.8782574587,99.4243468006,96.4635123705,238.3323,223.2508,224.3891,0.1284580127892217,0.0230507855966791,0.0497851045214791,0.0002221093702975,0.0004888621969522,0.0009339667301941,-12.7,-12.7,46.2,8.62
1.7637e-06,6.439e-07,1.138e-07,1.412e-07,5.265e-07,2.72e-07,157.0545714391,118.0392492366,-122.4953337761,118.4740370473,933.2068976040516,99.80614896859475,0.0017306654565606,90.0822142857,43.6155246291,484.4259285714,207.8311292403,373.59,164.2018431818,18.0840076433,19.6129852283,7.8976984275,41.4100744704,-19.9179880324,4.9182546023,-0.2637695927,1.7308386638,-0.6731748935,1.8555287502,9.7384916714,1.9064857393,18.071324562,19.3908328312,7.0696047715,39.7923419522,100.7329548245,88.9271244137,251.0059,226.2691,230.6687,0.120116283077795,0.0369384102397852,0.0737065602654876,0.0008455338981652,0.000652458088697,0.0009794468505486,-12.7,-12.7,46.2,8.62
1.809e-06,6.991e-07,-1.459e-07,1.623e-07,7.304e-07,3.978e-07,152.7000604011,82.5182412325,-107.7422101196,81.1464010858,1006.7796610169491,114.50913186834065,0.0007357276341289,110.9415753425,32.0468453064,786.9330136986,157.2735086523,546.2334931507,216.490827132,14.4840289003,29.6002362834,23.1052180074,47.8814965751,-18.3089332392,5.1861853688,0.2668497645,1.9514086071,-0.2652171718,2.0575387175,10.3188414054,2.1366879877,14.985599351,27.705052128,23.5492425956,45.2452104962,109.424713097,86.4357273789,261.5593,230.9263,239.3938,0.0880746634118226,0.0558282663778952,0.0984235918405202,0.0018033436100049,0.0008942141470897,0.0009940482844462,-12.7,-12.7,46.2,8.62
1.87e-06,8.224e-07,-2.82e-08,1.461e-07,8.178e-07,4.7e-07,129.7790128793,48.9123922806,-99.9685177163,55.9991326973,1000.3050847457628,111.99459040163548,6.474576271186195e-05,99.6681208054,14.1573318387,873.4673154362,228.1075432012,626.1359731544,171.3916770665,21.3349499233,34.3271289108,13.8815579087,49.7557909795,-17.757871559,5.1142976719,-0.0638522157,1.9556556606,-0.7224125032,2.043025982,9.9688316965,2.1519424548,21.8191042843,33.4193272336,14.4313844528,47.5522768967,111.0156416057,87.9237849528,267.6298,237.8242,250.6008,0.0342685967585894,0.0814072134172006,0.1231338519545137,0.0024796049201924,0.0011859443133923,0.0009751900243058,-12.7,-12.7,46.2,7.6
1.8912e-06,8.741e-07,-9.08e-08,7.88e-08,8.385e-07,4.564e-07,127.267524954,53.7826073736,-113.022355065,39.9478433477,944.9333333333332,93.76102009304768,0.0005537175141242,77.460974026,13.9767605712,528.6892207792,161.2026718364,499.5751298701,128.1174637225,13.1049790053,28.138238262,7.9503000739,43.2120826769,-17.3432035241,4.412488057,-0.6084877235,1.4449009971,-1.3669159681,1.4860250063,9.3608551846,1.6048656511,12.2462816071,28.5860598828,7.1217793995,41.3986626697,105.1057148902,90.8565288844,267.5863,247.6869,264.2423,0.028157204935924,0.1143940736150546,0.1469789189284524,0.0022855709836898,0.0014767319837434,0.0009211054350384,-14.5,-14.5,47.1,6.9
1.9231e-06,8.876e-07,-6.91e-08,8.62e-08,1.0108e-06,4.852e-07,179.5723510319,75.4426038251,-146.9819445875,77.9753662663,885.1499989827499,82.79026308105763,0.0005978333435058,70.3140410959,14.0238965126,409.1340410959,137.512525146,380.8719178082,181.5646650959,8.0371564757,24.6841696665,0.0656212516,52.0545945926,-17.0634037685,3.6844902262,-1.2639944703,1.4013294439,-2.1072767269,1.3520126948,8.638126173,1.4254836578,9.2986590362,24.2845474965,-1.5928801399,48.6493203479,104.1862104845,88.1479066161,261.9749,261.2349,280.1831,0.0699995152880867,0.1540328688888303,0.1690689949378772,0.0008132211615176,0.0016993945213163,0.0008312496776782,-14.5,-14.5,47.1,5.0
1.9305e-06,8.481e-07,5.07e-08,8.43e-08,9.502e-07,4.228e-07,136.7085021428,52.4397217434,-122.5732146876,63.9616627176,816.9830508474577,70.1416213985779,0.0006816694813529,75.6194557823,11.5144075252,468.2978231293,130.7073975313,498.7227891156,201.3762340745,11.0985415073,16.6535757088,-5.7454474055,60.8644858347,-16.6543773242,3.3830419764,-1.8009532819,1.5683345179,-2.7019020235,1.4859496377,8.0150058075,1.4405231577,11.4871136024,16.0207109817,-5.1764910489,57.7506968616,112.6283861396,95.7092757098,254.9209,279.0175,298.1985,0.0530757003272909,0.1978069913884381,0.1885189217183498,0.0025130863076777,0.001782103495802,0.0007067967790159,-14.5,-14.5,47.1,6.3
1.9199e-06,7.649e-07,6.87e-08,7.21e-08,1.0392e-06,4.006e-07,150.1795878708,82.1585749331,-109.6523440704,103.5899960722,759.9836045562295,66.73375146091925,0.0005699944629122,66.511875,13.7690497669,533.4785625,89.6541834275,590.83025,175.8458961419,22.6744575811,24.5852965807,-16.507093238,52.8416709009,-16.6551400974,3.5424862024,-2.5214073224,1.3564223791,-3.4584960027,1.3183659616,7.1796134415,1.3066782737,22.7610906712,23.7539077774,-15.0821648105,51.1203489441,122.6217569229,102.1250023281,254.2135,301.2356,317.9779,0.0547550000869443,0.2414937821765194,0.2044970199973179,0.0062458226234935,0.0016641822916666,0.0005511570719233,-14.5,-14.5,47.1,6.5
1.9382e-06,6.919e-07,4.56e-08,4.58e-08,1.1539e-06,3.951e-07,98.0627443908,82.526740635,-75.272643764,88.3510674974,724.9833323160833,48.04424798988037,0.0003500027224014,80.9096202532,17.3777117868,526.5741139241,113.9151060105,612.0253164557,197.211770888,22.8616853416,24.8623568951,-35.0819686543,52.0442383917,-16.4736156146,3.9847194027,-3.3815067271,1.2192509356,-4.3119522969,1.3036011947,6.2022901853,1.3973258952,23.4190407501,25.0050246301,-32.5404924843,49.2536341635,113.716067497,99.17437743,269.002,327.591,339.1327,0.241247185861999,0.2796426909528413,0.2162861859788898,0.0087640137837991,0.0013138695824093,0.0003704096633399,-14.5,-14.5,47.1,7.0
1.9628e-06,6.495e-07,1.94e-08,2.6e-08,1.082e-06,3.38e-07,140.5021953318,84.0439549136,-105.0079437494,84.0354001211,675.4999968430172,59.08446428715244,0.0004948333547306,98.4726388889,13.424983136,586.3969444444,115.827052781,683.5067361111,159.2603138027,24.8567732506,28.3150186214,-38.8761333566,48.5628544153,-15.5269389294,4.3002649956,-3.6291531961,1.2791250086,-4.5141863135,1.441530712,5.9503980344,1.7134712604,23.437462428,27.5824098133,-38.7259719643,46.3153603372,104.4307816808,104.9560507079,305.3958,357.2091,361.2119,0.4622192431586375,0.3064819935256662,0.2233533467210933,0.0082628824802516,0.0007436943026928,0.0001734794041838,-12.7,-12.7,60.0,7.83
1.9977e-06,6.467e-07,1.76e-08,2.85e-08,1.0367e-06,3.276e-07,171.1797671196,62.2329009308,-150.8862173496,89.4797188704,658.2982434724562,43.525338289788415,0.0001720175337056,111.2629104478,22.7644780837,640.1355970149,162.8715323224,581.0754477612,114.0970885642,17.4200041404,20.0241527418,-25.6995114626,55.2554636624,-13.8074050803,4.657219096,-3.1083024171,1.4848087053,-3.9276395871,1.701551708,6.3254186167,1.9558586861,17.795742913,19.5193123679,-24.9041373868,53.4815173207,107.1658569812,114.6820903796,362.0793,388.6709,383.7244,0.6294562694909411,0.3171281467683655,0.2254185014390953,0.0041713469235237,0.0001958532280962,5.450246808355488e-05,-12.7,-12.7,60.0,8.49
2.0023e-06,6.975e-07,3.79e-08,3.99e-08,1.1016e-06,3.667e-07,156.5968801105,82.6617026662,-97.2570424912,97.0420739203,629.9836035556557,47.66050739466413,0.000283146399168,121.8695424837,20.1071827097,1198.8760784314,897.7975466643,837.2635947712,426.6490335643,29.5814831623,21.1624078486,-26.0682543292,50.0314116934,-12.903214662,4.7805687756,-2.7726599333,1.3808668288,-3.5850591282,1.6566839667,6.4506260529,2.0011585461,29.8597790444,20.7577673726,-25.2325009089,46.2417520745,109.5982591251,118.5289760162,428.9702,420.1715,406.1673,0.6653367795986418,0.3088233436060092,0.2225095905376205,0.0022862797282913,0.0007566025014171,0.0002213816750311,-12.7,-12.7,60.0,8.49
2.0182e-06,7.189e-07,9.73e-08,3.79e-08,9.595e-07,3.599e-07,105.0311015736,100.1910863483,-84.6497555607,91.1660615634,618.6249978201786,41.75419837720334,0.0001135860573547,103.8897080292,24.1213381001,1523.7408759124,1471.0180416557,1047.6473722628,712.9691903492,28.6909149483,28.1664844555,-18.6410885957,46.0224809472,-11.2208237198,5.1947288649,-2.1976946489,1.6009144933,-2.9693118125,1.9697298255,6.8190715514,2.4037617599,28.5691684866,26.7502783694,-18.0002669845,44.2070916945,110.0942103855,116.1109419023,490.7931,449.7887,428.0588,0.5476587269822714,0.2818219555476135,0.2149866941234993,0.0075260061773993,0.0014484639155056,0.0003930392861515,-12.7,-12.7,60.0,8.49
1.9696e-06,7.075e-07,1.858e-07,1.18e-07,9.59e-07,3.74e-07,132.464923703,123.9306775042,-117.3693580404,118.6260973687,616.6949111162712,35.78288717608834,1.9300867039073745e-05,82.5711486486,18.6039948676,556.375,561.0785386399,569.777027027,317.2259769203,10.1370022804,19.5906082959,-7.7970346464,50.6303741678,-10.192715055,5.796056956,-1.6428718024,1.9588376207,-2.4661970269,2.3932571251,7.0081489736,2.9079468549,10.3560350963,19.4694718369,-8.0038712214,49.1491570292,126.5876735726,111.3500706992,534.1381,475.8047,448.971,0.3266549471149342,0.2395744664079636,0.203521902698452,0.0097221572658203,0.0019392481799716,0.0005318380902186,-12.7,-12.7,60.0,8.49
1.85e-06,6.633e-07,2.654e-07,2.15e-07,8.927e-07,3.407e-07,136.2905087778,130.8024216661,-125.0872478212,134.1809701604,618.1129002724999,34.01996577947297,1.417989156228705e-05,78.2337804878,19.2607660195,303.853597561,80.1050755212,447.993902439,202.6302392847,9.7769468137,22.3683438436,-5.1884714903,52.3121125475,-9.7565947793,5.9195577063,-1.4347786043,2.0109505519,-2.3648019181,2.4689724536,6.70398092,2.9708418293,11.1278993678,21.3258262129,-3.2792932605,51.6040589659,139.4718589569,108.1193603164,553.5568,497.0004,468.5576,0.094231441006693,0.1880854703744366,0.1890320140366327,0.0082130304767149,0.0021517700880034,0.0006300826379675,-12.3,-12.3,69.0,8.49
1.7224e-06,6.691e-07,2.688e-07,2.292e-07,8.096e-07,3.482e-07,131.2618827609,138.8202642076,-93.212960706,158.0992130958,632.7321384975,22.74587585545208,0.00014619238225,83.1871532847,21.6812492553,356.8618978102,86.1951954182,484.4437956204,171.2316687493,20.193260438,34.0412170955,-8.4826203098,47.115104489,-8.7768638697,5.732895542,-1.3973763339,1.9149587171,-2.3940659473,2.4122810888,6.4665189299,3.0120692132,19.1519839843,34.4311444814,-9.2575776148,46.0292174657,120.3420096647,95.8491896611,552.6516,512.8462,486.5734,0.0727010865272627,0.1346574318138478,0.1725760803771893,0.0046067731978235,0.0020660851310705,0.0006846186364167,-12.3,-12.3,69.0,8.49
1.5947e-06,6.167e-07,2.679e-07,2.74e-07,6.733e-07,4.195e-07,168.6442115676,182.1370421051,-144.7389069439,176.9121286291,642.9166636149166,18.09170143128884,0.0001018452511741,65.6184172662,13.3983622568,355.6984892086,65.896206809,524.6344604317,170.0780908461,32.304671933,32.1648456603,-9.3028812483,46.4022552802,-8.4345094685,5.616439615,-1.4246916541,1.7479009688,-2.5963095887,2.2513941226,5.7809918849,2.8079395588,33.053998324,30.8324303074,-8.7528580579,43.1620166491,130.7093807077,95.4579236869,540.2202,523.5528,502.8817,0.145716484786677,0.0864533992554337,0.1552398595701762,0.0010868482708816,0.0017172666833551,0.0006968600333692,-12.3,-12.3,69.0,8.49
1.5607e-06,5.557e-07,2.391e-07,6.219e-07,4.206e-07,3.455e-07,195.2997270436,185.4971312623,-156.6471966084,188.340538408,635.3157916152632,25.311504733411244,7.600871999653424e-05,69.2335915493,20.148913134,293.4226056338,68.330221529,360.5038028169,119.1898841755,24.8230504568,23.4785559355,-8.737456604,45.6061069639,-8.4723559162,4.8525815724,-1.6390710982,1.185517427,-3.0460796837,1.5534744703,4.914329324,2.0522407854,25.0603157161,23.196358137,-8.7048076125,43.6743791616,143.1110833733,106.3804081111,525.0975,529.9847,517.4515,0.1423762353533928,0.0492564430455706,0.1380278124959199,0.0012620675950896,0.0011820842190272,0.0006721420484816,-12.3,-12.3,69.0,7.3
1.5937e-06,9.72e-07,3.26e-08,4.605e-07,6.329e-07,8.008e-07,151.207869947,154.4222931562,-122.7074782806,157.0713984288,639.475411837213,23.79806387354003,4.159620221949823e-05,69.9842857143,18.8530343444,230.9825465839,52.0080977961,200.3055900621,90.3891369472,3.2535385433,18.4046432526,-20.0670714446,45.3710482142,-9.1483541386,4.1308495021,-2.364675572,1.1267460235,-4.0192019502,1.1760077388,3.432041513,1.5301253911,3.3971557216,19.1641526887,-19.7998017624,47.2161387591,144.0308807537,110.2181995105,512.9863,533.4699,530.3438,0.0985896316377547,0.0266240104974342,0.1217762655241157,0.0021348595878847,0.0005610790633739,0.0006186717425899,-12.3,-12.3,69.0,6.3
1.3917e-06,1.1718e-06,1.124e-07,2.142e-07,9.822e-07,9.087e-07,165.2353415933,136.0811802877,-138.4814676962,143.2248943719,652.3731288625373,14.702860768209812,0.0001289771702532,57.0654010695,14.5209873276,220.5534759358,79.210486053,267.8331016043,213.8703403297,3.4511261845,11.8195857462,-35.3766891478,34.5470454118,-10.5830542048,3.256435257,-2.9607387516,1.1147263949,-4.9248256882,0.8184892891,1.9849233785,0.8401220441,4.5358920003,11.5669136748,-33.5402762305,34.5591794815,171.405550215,125.4616168419,506.1358,535.5503,541.6913,0.0433548600030622,0.0195066596912118,0.1070955446145517,0.0022332664876965,0.0001451012179006,0.0005462658626683,-14.6,-14.6,72.0,6.6
1.3422e-06,1.2303e-06,-7.3e-09,1.119e-07,1.0517e-06,9.479e-07,173.9442487249,147.1675381065,-151.7980873285,156.0205278292,656.5454573197728,15.448034993904292,4.172328457235585e-05,55.3609139785,17.3309899488,242.2373655914,68.5712364151,342.0085483871,150.9911455872,11.4918433362,19.4274787841,-44.150317585,41.8066152496,-10.5411648814,2.7925619509,-3.469918526,1.6433782168,-5.5361534786,1.2513439236,1.0954550998,0.923120248,11.7254768827,19.0234147334,-45.7953730631,42.732202154,165.5288800303,129.9332322786,504.8677,537.7203,551.674,0.0170771139762818,0.0263254298564142,0.0943445168776,0.0022877598561962,0.0005289698416775,0.0004650445867178,-14.6,-14.6,72.0,6.3
1.5739e-06,1.0759e-06,-2.44e-08,3.514e-07,8.892e-07,8.471e-07,127.4364580137,160.9360817181,-94.7492470432,162.811927579,663.5409846071311,13.945533675889148,6.995527287358194e-05,63.9681528662,18.7244587422,233.5743312102,42.9125313943,214.5274522293,56.0485342786,12.0245128629,17.3278310445,-49.1290676854,48.9454577142,-9.5670172807,3.0634090219,-3.8447894517,1.8285454064,-5.9078468287,1.5233478696,0.5659327712,1.3874473838,12.8739128319,16.5953444226,-50.1359202481,49.343450486,136.9011920665,115.6489051491,509.347,541.1948,560.494,0.0727708638907195,0.0434414580811118,0.0836367512465941,0.0025790772075657,0.0008376489857499,0.000384243996143,-14.6,-14.6,72.0,6.3
1.4409e-06,5.81e-07,7e-08,4.803e-07,4.473e-07,2.743e-07,160.1672467017,174.1207121884,-117.2181768515,182.8260500788,665.9047609359525,14.496544989301697,2.3637763288214542e-05,71.6728735632,12.6517619879,220.7342528736,64.4969402755,185.6640804598,49.2437760583,7.1348374455,17.3959565015,-39.6093319155,41.0918529677,-9.0495939732,3.5530815416,-3.4846021991,1.4642674855,-5.6931938242,1.3933347969,0.253932604,1.5593314466,8.05594895,16.7334242212,-37.3737442465,40.2972628579,166.3358933667,114.7209599634,520.2669,546.7423,568.3526,0.140277635767216,0.0659097690372716,0.0748738870497873,0.0027739312093999,0.0009335837499169,0.0003112665517479,-14.6,-14.6,72.0,5.6
1.4026e-06,3.31e-07,9.3e-08,2.58e-07,2.527e-07,2.379e-07,175.1982453664,201.767157792,-128.4821664446,216.5172693768,669.7580605783871,14.743708132582114,3.853299642434638e-05,70.2555932203,8.0556337316,221.1021468927,33.6066554466,209.5281920904,76.1765721293,12.7335880235,24.5557720384,-29.1605533858,44.0439848997,-7.7333023227,4.6074286581,-3.1888842528,1.4783466949,-5.3697174952,1.86321506,0.3250871769,2.4964505205,12.6972571169,24.5719388825,-25.2980579227,41.560021928,175.7729670206,107.9150103969,538.0495,554.6032,575.4318,0.205828024705902,0.0883922994795111,0.0677992969276014,0.0022604584240826,0.0008220118872144,0.0002510505851746,-14.6,-14.6,72.0,6.1
1.5501e-06,5.003e-07,-5.89e-08,3.07e-07,5.863e-07,3.022e-07,119.4101930715,191.1505483213,-54.3813556736,200.5601797091,676.9166646321667,14.064479931529036,7.15860405377955e-05,61.7759333333,17.6998146543,220.0787333333,37.8252497731,255.7226666667,54.9738240701,10.872369453,16.0846283106,-16.955506793,62.5503580747,-6.0097279768,5.7591763373,-3.1171865298,2.3569838964,-5.1442095882,2.9439012586,0.4335678032,3.602540992,11.7447875772,15.3247552679,-15.0669302128,59.887597386,170.3241001476,107.637202846,561.383,564.5027,581.8819,0.2475024438487864,0.1060952419741331,0.0620633010928305,0.0008038251879268,0.0005439215764943,0.0002058258757474,-14.7,-14.7,75.0,6.5
1.8233e-06,9.146e-07,-9.59e-08,3.322e-07,1.1808e-06,5.876e-07,177.2611165122,259.5117304073,-106.425196905,276.9829682572,683.8103469322414,14.337620151407384,6.8936823000747e-05,54.5316783217,13.8257993351,266.1520979021,69.1282263993,244.6033566434,71.1235199258,10.7271357724,13.4182989598,-48.3554417094,62.044987481,-6.0422922049,6.1391374375,-4.2302037372,2.8568038103,-6.169002191,3.4434771099,-0.9706867294,4.2624094966,10.9206446356,13.1793255329,-49.7504532517,59.2302679359,157.2956828206,123.2108930691,586.6338,575.7521,587.8159,0.2454001091913251,0.1155772196141579,0.0572896037012172,0.0011531177187522,0.0001703828822618,0.0001753118304913,-14.7,-14.7,75.0,5.2
2.0804e-06,1.1007e-06,-5.8e-09,1.372e-07,1.1673e-06,7.538e-07,178.4780574743,251.1932464943,-94.1042567353,276.5694053326,690.3454578746364,13.96517549904894,6.535110942395006e-05,58.2468217054,7.0970688332,312.3558914729,101.5508493517,294.9835658915,72.5628750381,11.0592952311,15.141180682,-35.9743240497,91.6243382234,-3.8582582415,7.9877108764,-3.76313015,4.2017994741,-5.4465300865,4.9359876449,-0.4806897533,5.7686412202,12.1183574921,14.5265614864,-32.6843665563,88.9527549658,139.6274889473,116.5064481216,609.0446,587.4176,593.3105,0.197721855986881,0.1152578018247293,0.0531317490046356,0.0026813331294473,0.0002290283534264,0.000157344230327,-14.7,-14.7,75.0,6.8
2.0469e-06,8.107e-07,-1.96e-08,3.683e-07,1.1894e-06,5.007e-07,197.1701215108,277.1544872774,-120.0327183126,300.7885846302,695.6607186453572,13.13158202625642,5.3152607707207536e-05,76.6317777778,15.4445324314,388.3986666667,191.8087059732,350.0142222222,107.7483350011,11.8786128961,25.3830257124,-40.7516679139,105.2288144627,-3.0777177916,8.7690138589,-3.8582570466,4.9341515074,-5.4385656902,5.6776217484,-1.0634702789,6.4758976989,12.0422305355,24.987181141,-41.729496943,102.6556216113,136.9196146276,111.4467431716,624.8545,598.5159,598.4107,0.1224524388466824,0.1055076989796259,0.0493108255614178,0.0032098853688931,0.0005710249320087,0.0001487228161507,-14.7,-14.7,75.0,5.5
1.8838e-06,4.635e-07,2.268e-07,3.96e-07,1.0316e-06,2.213e-07,265.1447466314,329.4554804797,-202.8649862632,346.3188698783,698.9661037638983,12.804879551422871,3.305385118541171e-05,109.9102797203,31.7715497033,546.7906993007,397.7201186283,335.4242657343,161.5774660364,22.747702321,34.8043613977,-32.051261458,112.1753682851,-1.5007288637,9.5499385343,-2.9804883142,5.5751748211,-4.4676368418,6.3389869304,-0.5513349471,7.2213004056,22.2101400799,34.5770517089,-32.3045195109,109.3369534649,156.6900619178,96.579775844,632.741,608.1975,603.1386,0.0457931833693725,0.0883417842245097,0.0456320031135266,0.0027408134257598,0.0008045720628085,0.0001460197156652,-14.7,-14.7,75.0,5.8
1.7427e-06,7.356e-07,4.035e-07,3.194e-07,6.067e-07,4.074e-07,201.7369490336,304.3513359434,-173.7210283406,301.5006719438,701.1206907075,11.938170656206928,2.1545869436015995e-05,143.8146979866,40.8823558955,950.7389261745,691.9203854395,728.5676510067,457.1927338777,36.6456425948,39.4268789137,13.3536073804,129.6321933377,0.8391592368,10.1382799503,-1.3884139843,6.1343082678,-2.7830015764,6.8998409974,0.5568826911,7.7184101374,36.1204487207,38.7962635606,13.7700898361,127.5092584382,175.4622084046,82.6699573196,633.8286,615.8813,607.5012,0.0148704044347813,0.0668403359899794,0.0419827616467009,0.0017328222645936,0.0009020223037786,0.00014619882645,-14.7,-14.7,75.0,5.8
1.7495e-06,9.923e-07,1.548e-07,1.349e-07,6.423e-07,5.875e-07,230.0515617069,321.8312696607,-219.0506149028,314.4844511747,701.9830539509322,10.993819531301275,8.623632434322514e-06,194.770472973,60.573282737,2047.6529054054,1341.0367633448,1681.6512162162,1035.5171433283,49.0914701217,50.8161529595,-19.9965590751,102.4905361374,0.7831670033,9.4571526849,-1.9711429578,5.523502382,-3.3203143882,6.2595200674,-0.4280769853,7.1745089161,49.385838336,52.2407612481,-18.4933324468,101.9955626073,174.2224748648,90.4650492202,630.5836,621.3234,611.4982,0.0433460172093057,0.0444619052357363,0.0383184535959547,0.000712819477724,0.0008631828012606,0.0001469826717606,-14.7,-14.7,75.0,5.9
1.8107e-06,1.0101e-06,-6.8e-09,1.226e-07,6.775e-07,5.871e-07,135.7301031122,270.6333870265,-132.7202095037,268.3881658132,701.8846177321154,10.102652915166596,9.843621881677755e-07,200.4846478873,81.2675011155,2345.2649295775,1706.7313476572,1891.2577464789,1339.7486800681,63.4080956241,86.7243586435,-25.149272411,91.2938142408,1.9600342085,9.2171056468,-1.9153328874,5.2630758261,-3.1252797232,5.9958384716,-0.5537680308,6.9104342688,62.2270662139,83.3910599505,-20.2127947467,93.8042573956,170.4837898799,85.4012621499,625.5242,624.6188,615.1278,0.0523792514514441,0.0243937306567496,0.0346413430003505,0.0001311713621809,0.0007113495424679,0.0001469920481567,-14.6,-14.6,78.0,6.1
,,,,,,,,,,700.45000305175,9.462954261598329,1.4346146803654314e-05,,,,,,,,,,,,,,,,,,,,,,,,,620.4245,626.1431,618.3901,0.047812045821506,0.0090390981607578,0.0309783613759346,0.0003506571521356,0.0004862387408851,0.0001456955993879,-14.6,-14.6,78.0,1.0
1.5098e-06,7.004e-07,-1.794e-07,2.371e-07,4.866e-07,4.252e-07,227.269326287,336.183181164,-222.8412064308,333.2611645553,699.1587340339682,9.345583104428322,1.2912690177817598e-05,153.3054545455,46.0547806449,1326.2265909091,1100.2678467732,1096.6713068182,785.9739542563,10.1144776865,30.0191102305,-41.2428941056,77.8176514894,-1.5257069876,7.2869783468,-3.8992390115,3.775719924,-5.4348411458,4.364467049,-3.6334419799,5.1549924058,11.5173526845,32.2604807736,-46.49996755,70.6469389929,188.4512056551,96.293529111,616.1787,626.4542,621.2882,0.037370824383485,0.0016109624222855,0.0273618403100014,0.0004732403359757,0.0002354068375052,0.0001432183689693,-14.6,-14.6,78.0,7.72
1.637e-06,5.252e-07,-2.1e-07,2.947e-07,7.831e-07,2.678e-07,313.3122949991,385.7751819071,-307.2695933966,382.2877656818,693.2000009389999,8.818164437027495,5.958733094968305e-05,159.2570108696,37.7935989703,964.5257608696,553.7443776635,552.5567934783,265.9096157103,-10.9068963537,17.601161108,-41.2460661806,77.3350607386,-0.4003107769,7.5997671363,-3.666247505,3.9099824122,-5.1166312909,4.5473696139,-3.6743342588,5.3781773326,-10.6016782275,16.4771527506,-41.4088621689,73.5793959983,197.6360199757,94.5489484813,613.1108,626.1748,623.8284,0.0248332303023052,0.0035100000848279,0.0238160906449291,0.0005433445454711,5.216207049353207e-05,0.0001400640505911,-14.6,-14.6,78.0,7.72
1.7188e-06,5.066e-07,-7.87e-08,2.17e-07,9.864e-07,2.282e-07,234.8248765481,377.9515738721,-232.023894604,376.789078358,683.7096793882258,9.334962049005354,9.490321550774116e-05,131.8612352941,32.4271273909,1905.4599411765,1320.2324945137,799.8461764706,590.7862598019,-0.3974694777,33.6836410725,-35.8702429499,73.0755807681,0.6602358167,7.4897322685,-3.4838550827,3.7817967965,-4.8748955036,4.4357569804,-3.762064134,5.2946887264,-0.4537761511,31.7264130305,-34.7787885919,73.3347292834,199.7051245152,94.1263260104,611.414,625.8757,626.0184,0.00947718814429,0.001667470965626,0.0203514514949482,0.0007364653123432,0.0001655898840424,0.0001368036044189,-14.6,-14.6,78.0,7.72
1.7389e-06,5.91e-07,-1.67e-08,9.14e-08,9.684e-07,3.801e-07,227.5769208109,377.5440399533,-223.9393726141,376.1877618991,669.3387096774194,10.859727734974228,0.000143709697108,144.4016184971,48.3702590482,1283.9972254335,1015.1226425848,634.8137572254,532.6395119664,-4.5661664368,25.7241245448,-30.2898225525,76.0476094843,1.0954542617,7.0793461245,-3.5683364258,3.5104922959,-4.9726009733,4.139610018,-4.2933011978,5.0280616699,-4.0766969409,25.2500039866,-33.1877497219,72.1809876277,205.8401773293,85.307017119,611.5782,625.9824,627.8664,0.0128603422582359,0.003749843847673,0.0169657184576246,0.0011055035201421,0.0002542611365969,0.0001338157924736,-14.6,-14.6,78.0,7.72
1.8726e-06,5.885e-07,-1.201e-07,1.025e-07,9.47e-07,4.78e-07,316.0896961628,416.471773614,-313.349666629,417.2053603365,651.3442662973772,13.7898560260205,0.0001799444338004,153.7134228188,56.821924221,665.2824161074,269.1242687603,347.1370469799,153.9516330719,-2.3508099289,23.8919083334,-26.7195278951,83.7658863759,3.0070484975,7.6176175422,-3.0238898931,3.9242953532,-4.2882876444,4.604241688,-3.8834106979,5.5369774012,-2.1140249013,23.2321439668,-26.6171136757,84.8898114304,198.1764728276,83.9398556978,614.4994,626.7158,629.3798,0.0443312223485821,0.01027728884578,0.0136509290048431,0.0013886071911,0.0002533627348006,0.0001311285587088,-15.7,-15.7,80.0,7.72
1.9362e-06,4.781e-07,-3.381e-07,2.016e-07,6.553e-07,2.751e-07,245.9005176817,393.7183403107,-241.3400937006,393.4748620517,630.0468788146875,15.988697280531929,0.0002129738748268,151.8811242604,64.4206493911,916.8662130178,542.6395987562,622.6507100592,371.9482487028,1.7319404204,27.0953221879,-23.4700700163,75.6826855318,3.5738953165,7.2534650415,-3.0123273761,3.6007806749,-4.2976415766,4.276818292,-4.3608665708,5.2235978023,0.9772324983,27.100371403,-21.2651789217,74.8606086348,202.9741631463,78.6777101844,620.838,628.0747,630.5654,0.0777184350619158,0.0158469992075425,0.0104032108222003,0.0011419850092357,0.0001726240228795,0.0001283341143556,-15.7,-15.7,80.0,7.72
2.0976e-06,3.502e-07,-4.317e-07,3.255e-07,7.613e-07,2.993e-07,277.923019129,420.1242637988,-264.3084816166,413.1248439051,606.1333343505833,15.891786252890384,0.000239135444641,136.2191411043,42.3757468457,1595.6858895706,1019.3431516048,1009.0527607362,786.0698760884,12.0928969068,30.70970348,-28.5748227286,72.2356703733,4.7970204182,7.8763223364,-2.8826346582,3.9989408792,-4.0596063319,4.7397287769,-4.3975400724,5.9111969448,14.2292643003,27.1382142229,-27.9110728995,74.6992145663,198.4065197654,75.8055060354,629.9605,629.8597,631.4303,0.0970340989760688,0.0187178967134219,0.0072339372836788,0.0003423689681704,4.769868973824594e-05,0.0001245875679527,-15.7,-15.7,80.0,1.0
2.2593e-06,5.499e-07,-2.422e-07,2.35e-07,1.1198e-06,4.621e-07,290.7150747959,420.1075463839,-258.1520421296,407.5111791028,568.5737694911967,34.722069214347705,0.0003755956485938,104.2094285714,26.2349098605,955.4426428571,620.9749651103,686.4234285714,436.868603186,5.8946983289,36.0836893707,-23.502515889,91.8193399688,6.8905751733,8.2723696909,-2.4379327941,4.4660311804,-3.4401127378,5.2060262581,-4.0395534623,6.3104248138,3.797002398,38.0793569166,-20.4940148859,90.0883937114,170.383746792,76.1921283588,639.5934,631.736,631.9839,0.088771719311524,0.017912231873504,0.0041792971771128,0.0009867381879072,0.0001170001583964,0.0001187602598445,-15.7,-15.7,80.0,5.2
2.3321e-06,6.236e-07,7.7e-09,2.338e-07,1.2352e-06,3.447e-07,290.3931423559,365.2523825338,-245.9180084935,356.4487603128,491.6101700087627,54.96255345790573,0.0007696359948243,105.7982822086,18.4381785692,582.091595092,194.2137825343,450.5647239264,169.3495061435,11.0601912638,36.0743442997,-18.102891201,88.8675662785,7.7150507253,8.9163870619,-2.374336717,4.8209287377,-3.3334735129,5.5904383497,-4.3546490828,6.7756503359,12.152484625,34.6135971438,-17.483358254,92.2677257255,172.8462592363,75.1638619718,646.8011,633.3217,632.2409,0.0536441575821131,0.0133921807350997,0.0013057031466755,0.0017904299919725,0.0002520631990859,0.0001097527349442,-14.7,-14.7,81.0,6.0
2.3115e-06,6.931e-07,1.671e-07,2.057e-07,1.115e-06,3.692e-07,242.4963438415,283.9413398126,-203.4081243944,287.0678103693,488.79999847413336,90.18754359903276,2.810171534629313e-05,86.2027272727,16.8537391499,471.1973426573,217.9868564908,452.9187323944,194.9569743716,12.9272427115,30.374299159,-18.7908967948,86.8123896652,9.1615701547,8.6184129118,-2.4168342034,4.7788588931,-3.2300075539,5.5021793245,-4.5818763127,6.7330735602,12.1756557135,30.8669039277,-17.4682365165,85.9057841,146.048536712,65.8848652552,649.6122,634.2822,632.2239,0.0126535244112606,0.0060058278766457,0.00130302209182,0.0018310518176531,0.0003372940847368,9.68648641754602e-05,-14.7,-14.7,81.0,1.0
2.2229e-06,7.744e-07,2.014e-07,1.289e-07,1.1185e-06,4.373e-07,228.9140076986,153.4177341203,-214.4275136808,170.2261859277,444.8703737612407,51.71361644683224,0.0004392962471289,75.90264,10.6701442273,450.24152,172.9636391664,481.18112,186.5909748523,15.0694489857,26.459215482,-29.7783971331,90.9707165181,10.2634850796,8.6484166732,-2.7188774713,4.7720444502,-3.3968044258,5.4637659505,-5.1677580503,6.637392476,14.9389941021,26.8226359669,-29.5746015941,90.6368350029,149.4128250956,62.7251829422,647.9013,634.4061,631.9651,0.0338285452611424,0.0031196488385332,0.0035431978016103,0.001323256791444,0.000356064696164,8.005612660822002e-05,-14.7,-14.7,81.0,5.8
2.0959e-06,7.674e-07,1.219e-07,1.157e-07,1.1447e-06,4.736e-07,221.2451929162,87.5027614091,-221.9822886431,102.9815546587,429.9152521682712,58.77283841852695,0.0001495512159296,74.5031944444,13.3122335473,450.2845833333,178.1395265534,550.4559027778,247.0323201088,22.3769641854,33.9388926722,-29.5971243906,75.1675898802,10.7477324078,7.7553635989,-2.9308369802,3.9814211012,-3.6218889525,4.6109222679,-5.9623990443,5.7348464198,21.73070234,34.8934446173,-30.0695519493,75.4612040855,148.4646802957,63.4092411128,642.8888,633.6466,631.5065,0.0600149557973646,0.011265805764969,0.0053245256063837,0.0007306402301318,0.0003073355718919,5.9997308897206975e-05,-14.7,-14.7,81.0,1.0
2.075e-06,6.726e-07,6.71e-08,1.561e-07,1.2608e-06,4.479e-07,209.5592063101,68.4635401148,-212.2984364159,72.3269160726,493.6034466973621,85.84708482348368,0.0006368819452909,87.4801550388,19.2334950479,898.4339534884,658.9957220449,835.0205426357,527.8341672091,31.3409767885,37.4937158172,-25.866782781,69.8307598414,12.5092029945,7.7734301594,-2.2496184971,3.8370124343,-2.8872981805,4.465095211,-5.7427359216,5.5135201363,32.749979711,35.8500509715,-24.835802327,69.8923183539,161.2995944479,52.3082216618,636.0294,632.1241,630.8981,0.0732314496941144,0.0178750209857873,0.0065790140021693,0.0003185935794365,0.0002035286640152,3.796199082185328e-05,-14.7,-14.7,81.0,1.0
2.0109e-06,5.206e-07,1.611e-07,3.647e-07,1.1395e-06,3.447e-07,211.9295441199,48.2129069561,-215.7129310082,48.4769459243,544.1607164655536,25.28888224258132,0.0005055726976819,97.9924817518,12.7438581618,1193.8545985401,777.7450700245,1368.1440145985,800.541694044,20.047011372,31.3007346061,-19.6229664346,61.9227073241,13.4685276658,7.4692318564,-1.7917965005,3.4834379313,-2.4965364939,4.0843238376,-5.9752574262,5.241586784,20.4343535247,30.2885237808,-19.3854184592,62.3558229519,170.4055214635,49.9500899363,628.3616,630.0962,630.1949,0.077784187873895,0.0214650893825521,0.0072755675111129,8.542716381723516e-05,6.700948338713788e-05,1.5631818646307685e-05,-14.8,-14.8,82.0,7.76
1.8755e-06,5.533e-07,2.467e-07,5.352e-07,8.798e-07,2.265e-07,203.8812824831,27.4749227033,-208.3879777295,26.9101797781,515.8387141074194,59.8905444790456,0.0002832200235813,115.9886792453,21.1332577657,1306.0942767296,731.8820548142,1623.0957861635,862.8122516219,20.7779445892,37.3440393519,-12.1012014236,54.8115633395,13.8991721779,6.8601163756,-1.5374283172,2.8322904784,-2.3556747001,3.4041176155,-6.4652639515,4.4350594844,20.1841894707,37.0552594615,-11.6620204756,53.7398538171,169.6709076256,50.8332561809,620.6794,627.9021,629.4524,0.073490106488584,0.0215090175239431,0.007427501284518,0.0004439401443405,7.61506370461368e-05,6.309938043654759e-06,-14.8,-14.8,82.0,7.76
1.7414e-06,1.0102e-06,2.972e-07,5.294e-07,6.629e-07,5.407e-07,211.0857480973,17.1709787266,-213.1807045104,17.2307225118,474.2203405347966,70.57873747942313,0.0004161837357262,97.7399315068,17.4388540962,1535.8373972603,1123.6879069106,1394.8301369863,859.2129911974,5.7922118774,47.0509486255,-8.2995883266,55.2999908458,14.9241350327,7.1656489675,-1.4393066041,3.0481211331,-2.2766440381,3.6329149299,-6.7773102989,4.8113950978,6.6323896879,45.9094206423,-6.7414100215,54.4763480994,172.9112782748,47.5381495623,614.1338,625.8962,628.7225,0.0548915002818584,0.01816660341837,0.0070937027254987,0.0011402269742958,0.0001978548633769,2.263010300859407e-05,-14.8,-14.8,82.0,7.76
1.5625e-06,1.5347e-06,1.506e-07,4.025e-07,4.973e-07,8.634e-07,217.4869072206,29.7575239002,-212.5948095014,20.4542321289,444.9310365874138,62.893415589778165,0.0002928930394738,91.545625,21.5568269258,1132.4181944444,717.8858789052,895.8803472222,483.0993975513,-16.3691687456,34.0589701728,-44.9206574378,51.1564213741,14.1802623677,7.2570765532,-2.794773563,3.2058749813,-3.7271681213,3.7719467797,-8.6551055585,4.9667006731,-16.6931411314,34.9399225159,-42.2057750787,53.5765921947,187.9378678664,52.3803399535,610.4343,624.3807,628.0486,0.019018333668699,0.0122336215163598,0.0063732729891632,0.0017727814778059,0.00027599508068,3.542380895821972e-05,-14.8,-14.8,82.0,5.0
1.4739e-06,1.7725e-06,4.74e-08,2.033e-07,5.896e-07,1.0741e-06,217.1024398804,27.2161883393,-211.4487075805,21.0086942872,455.8709667575,53.351384800708125,0.0001093993017008,91.9935,16.5494904076,1115.638875,652.8379694869,502.415375,179.8603229554,-2.6025504058,32.8367827542,-54.1283433531,51.8813689473,13.2033245223,6.7219622604,-3.83924371,2.9216101113,-4.942246349,3.4410497737,-10.4762326541,4.4300536543,-2.2808645303,31.7253087948,-53.7518777153,49.3624057325,182.2182769775,53.2577730339,611.1088,623.5495,627.4628,0.0280300076985896,0.004967031197576,0.0053936795163833,0.0018377946139608,0.0002978503698672,4.2749327144925285e-05,-13.6,-13.6,83.0,6.1
1.5171e-06,1.5765e-06,3.83e-08,4.231e-07,8.719e-07,8.706e-07,232.2387805861,56.2502066241,-219.0908151743,45.0838002051,473.6229513199672,35.46559857075434,0.0001775198456246,86.9474522293,34.3589333808,962.6343949045,465.2941666819,628.7480254777,329.7247171775,3.7545171985,32.5127320529,-51.6223616449,57.2994359124,14.0178019681,7.0929664526,-3.7269488819,3.283539729,-4.8989900743,3.8190126457,-10.6963860989,4.8324598626,3.8006558424,31.3989270811,-49.1601110304,59.4880394113,193.122972862,62.524808888,616.2973,623.4574,626.9833,0.0674198999828621,0.0024298784884457,0.0042932639073399,0.001124995059637,0.0002640255586976,4.46119037540502e-05,-13.6,-13.6,83.0,1.0
1.6402e-06,1.1752e-06,-8.76e-08,4.279e-07,8.697e-07,5.787e-07,228.9139918277,48.3087030476,-217.4757812902,37.3744370201,475.7241400357414,26.5023019919711,2.101188715774194e-05,78.9261805556,37.8606406956,550.1035416667,353.4326172999,455.32875,248.8146881239,0.4501901445,33.9424180084,-46.8320617807,62.9607195424,15.0986751868,7.1593795552,-3.5907336524,3.519047931,-4.8249037406,4.0507534028,-10.9723497257,5.0384529292,1.2344192042,32.8894644304,-44.6998426576,61.663514367,209.4702366315,53.9849217181,624.2502,624.0212,626.6149,0.0826234214626945,0.0080165911762859,0.003201260153543,0.000316407562712,0.0001881135234951,4.179219946563263e-05,-13.6,-13.6,83.0,1.0
1.7337e-06,7.803e-07,-1.175e-07,3.045e-07,8.299e-07,3.795e-07,224.2517628389,24.1949116147,-215.1397672167,18.3154391314,464.9677394743548,23.79615639584065,0.0001075640056138,68.714,24.3564909076,321.6920666667,148.8376859369,272.7098666667,102.6796291838,8.4732097035,33.1215945933,-45.5920050862,58.7355243071,16.0785821092,7.0884632933,-3.3479225202,3.4675627198,-4.6531582557,3.9943440659,-10.9799309374,4.9470343489,8.1588238928,32.5331303952,-44.6113814763,59.9365753364,221.6672348321,52.8864874181,632.0689,625.0532,626.3507,0.0683622682231864,0.0116551679434855,0.0022204511415853,0.0011162237510892,9.203819343525484e-05,3.563506778958765e-05,-13.6,-13.6,83.0,1.0
1.7585e-06,5.748e-07,-3.43e-08,1.805e-07,8.575e-07,3.82e-07,218.3129447163,9.6620037024,-212.9570217409,9.6346228142,456.4655177675517,22.38782282340211,8.502221706803092e-05,65.3442857143,26.6054192277,337.0377272727,121.3568877937,244.067012987,115.1283946558,15.6729325139,29.9641358611,-39.0031170126,56.0615860289,16.8784110789,6.3841991963,-3.2247418767,3.0714838605,-4.5980517172,3.5396345411,-11.2392748485,4.4106717964,15.7455876913,29.2961206846,-38.8264470806,52.2081760992,229.1633837953,46.7413796079,637.163,626.3158,626.1753,0.0341446969702235,0.0128841998334758,0.0014165503996899,0.0015322678208995,2.1347693333767224e-05,2.7728551106515667e-05,-13.6,-13.6,83.0,1.0
1.7617e-06,3.641e-07,1.38e-07,3.45e-07,7.962e-07,2.798e-07,205.9686394516,13.2862105922,-203.5985982467,13.0320482071,451.65573820521314,18.9467655688406,4.809779562338579e-05,75.8628742515,32.1475875759,373.5990419162,107.3064250256,249.301257485,92.3354237574,12.4971590227,26.4426548191,-44.9446645135,54.7494734398,17.656503326,6.3630552377,-3.3570782778,3.2033459152,-4.7346060169,3.6460730768,-11.5145650594,4.3810181188,11.9710693977,26.256712905,-45.8753416156,55.980844802,220.695292262,51.7018013699,638.5042,627.5789,626.0693,0.007942255217604,0.0120139620164593,0.000815952681614,0.001188653340215,7.12719954260975e-05,1.9570376363128956e-05,-13.0,-13.0,84.0,1.0
1.7019e-06,4.324e-07,2.543e-07,3.59e-07,7.04e-07,2.755e-07,191.5978976658,11.3545503312,-193.835546766,10.5791183244,452.86364422433337,15.44186095829856,1.2079060191202416e-05,73.7585714286,20.984247754,343.7537662338,91.8074837659,233.5764285714,79.6679740009,4.6403775195,22.7937367263,-47.2007689211,61.8830727041,18.2738706084,6.3417400991,-3.5045269812,3.2360832435,-4.890606244,3.6696941059,-11.8010735336,4.4286288547,5.7651333038,22.2894182097,-45.5728872705,61.1207614909,211.1441659366,60.9471244081,636.9183,628.6671,626.0123,0.022961568554954,0.0097272209686507,0.0004110456575258,0.0004059372522974,0.0001099766480864,1.231901167735072e-05,-13.0,-13.0,84.0,5.7
1.5912e-06,5.422e-07,1.116e-07,1.506e-07,6.376e-07,4.332e-07,186.364182182,12.3346684344,-189.7414862592,11.1561454843,444.66666846184313,12.967028078144253,8.196975762490288e-05,57.6138194444,14.780250336,243.1501388889,67.846579112,126.4849305556,74.2719077108,-0.2201851413,19.5713148854,-49.6728404825,48.0930094841,19.9183821678,5.9836252001,-3.7609109552,2.9154239622,-4.9919807571,3.3509110585,-11.7357138644,4.2158938443,1.4650652216,16.9483464168,-51.0154108339,47.5922888408,193.2828545747,64.6363269753,634.3089,629.4835,625.9862,0.024518114855425,0.0068433124916102,0.0001702920546098,0.0002986431863745,0.0001165008455137,6.675053325332305e-06,-13.0,-13.0,84.0,1.0
1.4813e-06,3.478e-07,-6.32e-08,1.866e-07,6.671e-07,2.209e-07,188.399120165,11.7198951667,-189.1285334048,10.8623100711,457.6093773842188,16.164793723982235,0.0001294270892237,61.8768421053,33.3333338066,196.1047368421,66.1998322063,179.3826315789,93.1248877904,-1.4030529895,12.2162653792,-64.7508056939,46.2710784655,20.0550462178,5.3778814673,-4.1696316467,2.2933091487,-5.4337197912,2.6906174828,-12.4099249037,3.2974014611,-2.3350428375,12.7579180489,-62.8111913204,45.0674559068,192.0847937137,83.0377330683,632.3985,630.0111,625.977,0.0131493774515012,0.0040966590942063,4.990992351180116e-05,0.0005477687048893,9.818072952537765e-05,2.879095983495639e-06,-13.0,-13.0,84.0,4.9
1.4474e-06,2.497e-07,-1.125e-07,1.269e-07,8.586e-07,2.344e-07,191.4014388576,10.6235691427,-189.1479166204,10.4444528895,511.5454567649091,17.08355958325212,0.0005393607938069,69.3390062112,37.5598630132,261.8966459627,152.3142304455,237.3932919255,123.2987647335,1.4134982434,12.2582429076,-56.0627850175,47.4303961647,21.8036960147,5.2931793621,-3.6473512774,2.2775872557,-4.8596495014,2.6724276013,-11.7231211229,3.3262802075,1.0302444761,12.6362678777,-56.6263727608,45.9782657893,180.9599254782,84.1706557724,631.8102,630.2946,625.9752,0.0023337101636101,0.0019833125594135,5.768602361164391e-06,0.0003397026230924,6.65776014686641e-05,7.876618788977431e-07,-13.0,-13.0,84.0,1.0
1.5239e-06,3.109e-07,-1.532e-07,1.157e-07,9.234e-07,2.312e-07,192.1654445764,20.0205755134,-185.2472541116,16.8375491967,576.3492063492064,20.65219207650265,0.0006480374958429,68.8884126984,22.9344571434,298.5597619048,145.160991494,276.9987301587,90.7873614638,8.0670238054,10.737889024,-24.0943899565,78.057612851,25.360301199,6.8123305316,-1.5957336365,3.7189861621,-2.760741845,4.0899307187,-9.5620142931,4.6474371746,6.9026936518,11.5698423529,-22.5492486797,75.2375297363,166.7462169553,75.7293319783,632.0586,630.4117,625.9754,0.0034561654424745,0.0006949423847316,3.90607685683943e-06,6.622564723915327e-05,3.401918360355417e-05,9.058832633719689e-08,-13.0,-13.0,84.0,6.4
1.5498e-06,3.694e-07,-8e-09,9.73e-08,8.941e-07,2.439e-07,198.7743272419,58.7443317782,-161.3030057014,84.6973955947,642.7017586691228,21.508028362705016,0.0006635255231991,107.1973611111,24.9710857512,587.6527777778,224.2215182038,671.0233333333,280.1104056761,5.8544504585,12.5876710818,-6.832215899,118.4550390704,28.0895661627,8.4594769386,0.1853316855,5.3848828013,-1.0593900282,5.6889630207,-7.844551628,6.207579556,6.2570064323,12.4078678009,-10.5966072338,115.7068993776,152.9831677164,65.241568869,632.3499,630.4428,625.9757,0.0024735889940952,0.0002038618646666,2.319610181347361e-06,0.0001109691370529,1.4926808955405086e-05,1.2662527666964472e-07,-13.0,-13.0,84.0,6.2
